state_id,a1,m,gamma,q2_points,recovery_alias_margin_rms_snr,recovery_alias_mahalanobis,recovery_alias_margin_grid_verified,recovery_alias_margin_refined,refined_minus_grid_margin,alias_source_refined,alias_trigger_refined,alias_a1_refined,alias_m_refined,alias_gamma_refined,alias_delta_a1_refined,alias_delta_m_refined,alias_gamma_factor_refined
0,0.08935047569684684,1.0435524553060531,0.016660916064446266,240,0.024711738054744782,0.3828325997674665,0.03326791977743597,0.024711738054744782,-0.008556181722691188,continuous_direct_verified,gamma_low,0.08913391899378788,1.0410420283539783,0.013884096720371886,0.0002165567030589649,0.002510426952074818,1.2000000000000002
1,0.13169503202661875,0.5633267313241959,0.8014574692050626,240,0.1426069603183091,2.2092575294642924,0.2307124644165496,0.1426069603183091,-0.0881055040982405,continuous_direct_verified,a1_high,0.13669503202661876,0.5480504701369645,0.8893960469317819,0.0050000000000000044,0.015276261187231355,1.1097233242007745
2,0.16365816835314037,0.9154286861419677,0.044410161481482385,240,0.08541052954819243,1.3231742341236232,0.1680116269178139,0.08541052954819243,-0.08260109736962147,continuous_direct_verified,gamma_low,0.1626485298117864,0.9104353063648648,0.03700846790123532,0.0010096385413539688,0.004993379777102902,1.2000000000000002
3,0.05571149964816868,0.6914491593837738,0.3006747794573407,240,0.16266255592989698,2.519957480672094,0.21087647028242198,0.16266255592989698,-0.048213914352525006,continuous_direct_verified,gamma_low,0.053774866599741754,0.6846719447703133,0.25056231621445063,0.0019366330484269292,0.0067772146134604805,1.2
4,0.07997829578816891,0.8007249414920807,0.497662172491272,240,0.23940982370551883,3.7089210405197126,0.3241963051279032,0.23940982370551883,-0.08478648142238437,continuous_direct_verified,gamma_low,0.07591467485723656,0.7963450293821205,0.41471847707606,0.004063620930932349,0.004379912109960249,1.2
5,0.197319375583902,0.7799688220024108,0.026850406139870567,240,0.054272490470378576,0.8407858069959079,0.06227730653372544,0.054272490470378576,-0.008004816063346867,continuous_direct_verified,gamma_low,0.1966000966736566,0.7776373438730697,0.022375338449892136,0.0007192789102453967,0.0023314781293410913,1.2000000000000002
6,0.15428723148070278,1.1288494616746902,0.15318540985105897,240,0.246249908517039,3.8148871787663685,0.34134454616304777,0.246249908517039,-0.09509463764600876,continuous_direct_verified,gamma_low,0.15099409920135526,1.1088513384535839,0.1276545082092158,0.0032931322793475215,0.01999812322110639,1.2
7,0.12133488627150656,0.4518456429243088,0.08723044264445591,240,0.09505705456639132,1.4726175571006532,0.33756862853677,0.09505705456639132,-0.24251157397037867,continuous_direct_verified,gamma_low,0.11995954838114643,0.45051833001771985,0.07269203553704658,0.0013753378903601232,0.00132731290658894,1.2000000000000002
8,0.10881659854203464,0.9819118052721023,0.1095829316785808,240,0.15144250276784096,2.346137164511275,0.2373821861560758,0.15144250276784096,-0.08593968338823482,continuous_direct_verified,gamma_low,0.10717779595774836,0.9697446113491697,0.09131910973215066,0.0016388025842862808,0.01216719392293264,1.2000000000000002
9,0.1508641809690744,0.6112594574689865,0.06825389838225564,240,0.10072219028711758,1.5603814623021635,0.16995654849219458,0.10072219028711758,-0.06923435820507699,continuous_direct_verified,gamma_low,0.14953442609475645,0.6081840075552629,0.05687824865187969,0.00132975487431794,0.003075449913723549,1.2000000000000002
10,0.18517564493231475,1.06003480553627,0.3895163854140593,240,0.22181212957619098,3.4362987353415573,0.24640489971016408,0.22181212957619098,-0.024592770133973096,continuous_direct_verified,a1_high,0.19017564493231476,1.0718082964996314,0.426592410090305,0.0050000000000000044,0.011773490963361333,1.095184762604617
11,0.07751679485663772,0.5331347346305847,0.019201919022730808,240,0.021628567510668443,0.33506832708456674,0.10605457752742138,0.021628567510668443,-0.08442601001675294,continuous_direct_verified,gamma_low,0.07732854661631014,0.5324607922892252,0.016001599185609006,0.00018824824032757925,0.0006739423413595347,1.2000000000000002
12,0.06193982339464128,1.174640130996704,0.03177378957478014,240,0.035854445748904465,0.5554546850920172,0.05597902366200458,0.035854445748904465,-0.020124577913100114,continuous_direct_verified,gamma_low,0.06164616599262987,1.168955595655482,0.026478157978983445,0.000293657402011413,0.005684535341222041,1.2000000000000002
13,0.1789930840022862,0.4447134912014008,0.2352985256338312,240,0.19783122691910762,3.064788188869937,0.26188193276669475,0.19783122691910762,-0.06405070584758712,continuous_direct_verified,a1_high,0.1839930840022862,0.4438717235135336,0.2724671189139698,0.0050000000000000044,0.0008417676878672009,1.1579635621600959
14,0.1383001122623682,0.8965179055929184,0.01304225134267941,240,0.024361441284812282,0.37740582554275115,0.0988132207710592,0.024361441284812282,-0.07445177948624691,continuous_direct_verified,gamma_low,0.13805122115994586,0.8950377781669447,0.010868542785566173,0.00024889110242234946,0.0014801274259736985,1.2000000000000002
15,0.10564474151469769,0.7228374391794204,0.5732388971948006,240,0.21026947951611658,3.2574807695264845,0.3057008638015947,0.21026947951611658,-0.09543138428547815,continuous_direct_verified,a1_high,0.11064474151469769,0.7162287649507614,0.6582365260825113,0.0050000000000000044,0.006608674228659073,1.1482761014712273
16,0.10108942384831608,0.8734496988356113,0.059860870951394966,240,0.08452926461945498,1.309521736553236,0.10441637650411399,0.08452926461945498,-0.01988711188465901,continuous_direct_verified,gamma_low,0.10026042809326273,0.867470992515493,0.04988405912616247,0.0008289957550533522,0.005978706320118321,1.2
17,0.1434299389831722,0.7442943193018436,0.12559911764460233,240,0.17801599394732742,2.7578119196662376,0.2762923307453261,0.17801599394732742,-0.09827633679799869,continuous_direct_verified,gamma_low,0.141110231551523,0.7368026297069942,0.10466593137050195,0.002319707431649193,0.007491689594849471,1.1999999999999997
18,0.17532469239085913,1.195321936160326,0.02286528029525867,240,0.051575939716306814,0.799011022345016,0.08046533118277492,0.051575939716306814,-0.028889391466468108,continuous_direct_verified,gamma_low,0.17472142658487147,1.1910438908545244,0.01905440024604889,0.0006032658059876572,0.004278045305801559,1.2000000000000002
19,0.06737290960736574,0.422420359402895,0.3288161207438799,240,0.15421250527600006,2.3890498588434865,0.2514281094503733,0.15421250527600006,-0.09721560417437325,continuous_direct_verified,gamma_low,0.06476619551692453,0.4259897264942225,0.2740134339532333,0.002606714090441206,0.003569367091327491,1.1999999999999997
20,0.0729626126587391,1.082279098778963,0.19872197114881943,240,0.17864388163473138,2.7675391138926546,0.24198148811730238,0.17864388163473138,-0.063337606482571,continuous_direct_verified,gamma_low,0.0710166389638795,1.060839038217514,0.16560164262401622,0.001945973694859604,0.021440060561449092,1.1999999999999997
21,0.19030887805856767,0.5124041147530078,0.03785000044623108,240,0.05877276622000335,0.9105037791224593,0.09849085050069295,0.05877276622000335,-0.0397180842806896,continuous_direct_verified,gamma_low,0.18937955133931875,0.5112337975418817,0.03154166703852589,0.0009293267192489185,0.0011703172111261484,1.2000000000000004
22,0.14719919576309623,0.9604061104357242,0.6573227305651381,240,0.17077301725343028,2.6456042072165094,0.18044941790893915,0.17077301725343028,-0.009676400655508871,continuous_direct_verified,a1_high,0.15219919576309623,0.9588194039796508,0.7186615874772126,0.0050000000000000044,0.0015867064560733946,1.0933161962303326
23,0.11425082022324205,0.6342788256704808,0.011442821633006597,240,0.020735613061623318,0.3212347362442724,0.1357997425287611,0.020735613061623318,-0.11506412946713777,continuous_direct_verified,gamma_high,0.11446936102472151,0.6351632972201289,0.013731385959607918,0.00021854080147945543,0.0008844715496481026,1.2000000000000002
24,0.11590064447373154,1.1010876633226871,0.898667133584143,240,0.13201974516847328,2.0452410976321764,0.14559323213570757,0.13201974516847328,-0.013573486967234288,continuous_direct_verified,a1_high,0.12090064447373154,1.0901957163289888,0.991945703371118,0.0050000000000000044,0.010891946993698332,1.1037965741719664
25,0.15795219657011333,0.48112111464142804,0.014819098350369375,240,0.021534311896626433,0.33360812539068174,0.051993367052919244,0.021534311896626433,-0.03045905515629281,continuous_direct_verified,gamma_low,0.1576458432179877,0.48069356399915236,0.012349248625307811,0.0003063533521256434,0.00042755064227567585,1.2000000000000002
26,0.1921861223410815,0.8292131312191486,0.25741372402987894,240,0.2581735851768091,3.999607983281775,0.41607196743988106,0.2581735851768091,-0.15789838226307196,continuous_direct_verified,a1_high,0.19718612234108152,0.8389027197180028,0.29178248790634626,0.0050000000000000044,0.009689588498854151,1.1335156624068654
27,0.08453245786949992,0.7529943056404591,0.05173553508559794,240,0.06360957790798888,0.9854353435876966,0.1555363622691062,0.06360957790798888,-0.09192678436111731,continuous_direct_verified,gamma_low,0.08395129805446436,0.749098275471064,0.04311294590466494,0.0005811598150355646,0.003896030169395104,1.2000000000000002
28,0.050278429081663495,0.9423543877899646,0.03125605403984184,240,0.029397557890262483,0.4554250085126202,0.04784607602967319,0.029397557890262483,-0.018448518139410706,continuous_direct_verified,gamma_low,0.050057273122217284,0.9385392828560373,0.02604671169986819,0.00022115595944621064,0.003815104933927338,1.2000000000000002
29,0.16732657561078668,0.662912131100893,0.4257751953345753,240,0.2068910896565825,3.2051429788745986,0.255151867324704,0.2068910896565825,-0.04826077766812151,continuous_direct_verified,a1_high,0.17232657561078668,0.6624119024402432,0.4728560347728852,0.0050000000000000044,0.0005002286606498041,1.1105767549500238
30,0.126565220952034,1.0142281450331212,0.07752962654418541,240,0.1259245807307276,1.9508152161930377,0.17085998113190717,0.1259245807307276,-0.044935400401179576,continuous_direct_verified,gamma_low,0.12518392960465857,1.0043957283108855,0.0646080221201545,0.0013812913473754407,0.00983241672223567,1.2000000000000002
31,0.0939058090094477,0.5910397149622441,0.17165119258092362,240,0.16027485015701712,2.482967301896066,0.20429917355918922,0.16027485015701712,-0.044024323402172105,continuous_direct_verified,gamma_low,0.0919163472023584,0.5865168382090662,0.14304266048410305,0.001989461807089296,0.004522876753177862,1.1999999999999997
32,0.09618975035846233,0.907008684426546,0.39645155110281505,240,0.27478051477728127,4.256881430378845,0.2913085838047232,0.27478051477728127,-0.016528069027441916,continuous_direct_verified,gamma_low,0.09188849847430527,0.8930120353137303,0.3303762925856792,0.004301251884157059,0.013996649112815729,1.2000000000000002
33,0.12884974540211264,0.6861609525978565,0.018858106852369567,240,0.0301075684423682,0.4664244446883681,0.09558832779471473,0.0301075684423682,-0.06548075935234653,continuous_direct_verified,gamma_low,0.12852640918164598,0.6848749376376366,0.015715089043641304,0.00032333622046665234,0.00128601496021985,1.2000000000000002
34,0.16954701147042217,1.0351332165300846,0.1037903109629678,240,0.1887952514102088,2.9248034582191242,0.24914669132911904,0.1887952514102088,-0.06035143991891023,continuous_direct_verified,gamma_low,0.1670916842744316,1.0222606053303664,0.08649192580247315,0.0024553271959905643,0.012872611199718165,1.2000000000000002
35,0.052498285192996264,0.5580377615988255,0.07203298492422203,240,0.0561816274894814,0.870362030518361,0.09710060398330088,0.0561816274894814,-0.04091897649381948,continuous_direct_verified,gamma_low,0.05201325186075979,0.5555354474952989,0.060027487436851684,0.00048503333223647027,0.002502314103526526,1.2000000000000002
36,0.08681642743758858,1.1497385419905184,0.011921303223806664,240,0.021295396091225365,0.32990685764882544,0.035876127922826496,0.021295396091225365,-0.014580731831601131,continuous_direct_verified,gamma_high,0.08700550058436707,1.1523458599452328,0.014305563868567999,0.00018907314677849008,0.002607317954714361,1.2000000000000002
37,0.19447065433487298,0.4696165181696415,0.6274030627766024,240,0.12608511867391112,1.9533022593145744,0.21419907914057837,0.12608511867391112,-0.08811396046666725,continuous_direct_verified,a1_high,0.19947154462386665,0.4620298027867404,0.676465719552611,0.00500089028899367,0.007586715382901121,1.078199581237107
38,0.1601726422086358,0.821614784747362,0.03604048908975172,240,0.06689007084294026,1.0362565216053676,0.1915598402921797,0.06689007084294026,-0.12466976944923945,continuous_direct_verified,gamma_low,0.15938958518754814,0.8182660411359491,0.030033740908126428,0.0007830570210876631,0.0033487436114129077,1.2000000000000002
39,0.11812052656896414,0.7977389343082905,0.20752943170210808,240,0.23172456619388598,3.5898615431042344,0.2796700144788002,0.23172456619388598,-0.047945448284914205,continuous_direct_verified,gamma_low,0.11506109357607028,0.7865876231469311,0.17294119308509007,0.003059432992893865,0.011151311161359367,1.2
40,0.11188447303138674,1.068454021960497,0.0468953570633131,240,0.0761026092049152,1.1789765522142714,0.13778108706689993,0.0761026092049152,-0.06167847786198473,continuous_direct_verified,gamma_low,0.11112520203150131,1.061501175992888,0.03907946421942758,0.0007592709998854308,0.006952845967608923,1.2000000000000002
41,0.14483228670433165,0.5384235389530658,0.2849414538961709,240,0.2407310652441806,3.72938962642193,0.26687908401964494,0.2407310652441806,-0.026148018775464354,continuous_direct_verified,a1_high,0.14983228670433166,0.5387491040446498,0.33382964643445323,0.0050000000000000044,0.0003255650915839903,1.1715727630002777
42,0.18787788040935993,0.9903317846357822,0.016371815169906125,240,0.0365751486754928,0.5666197668209756,0.060551739525049546,0.0365751486754928,-0.023976590849556743,continuous_direct_verified,gamma_low,0.18744155669544244,0.9881118972567854,0.013643179308255102,0.0004363237139174969,0.00221988737899681,1.2000000000000002
43,0.07053218022920192,0.6165474988520145,0.8161850838496462,240,0.16582741306625554,2.5689872366010635,0.18397596402515815,0.16582741306625554,-0.01814855095890261,continuous_direct_verified,gamma_high,0.07533132520891873,0.5871777733056616,0.9794221006195754,0.004799144979716813,0.029369725546352976,1.2
44,0.06500655431300402,0.8756280399858951,0.13503126902461451,240,0.12279350377145101,1.9023087805171497,0.17929812419218977,0.12279350377145101,-0.056504620420738755,continuous_direct_verified,gamma_low,0.0638474066744083,0.8644451152771836,0.11252605752051212,0.0011591476385957172,0.011182924708711517,1.1999999999999997
45,0.1729577556718141,0.7050671614706516,0.0988883203944121,240,0.15693440410312948,2.4312173341536214,0.21121206008257398,0.15693440410312948,-0.054277655979444506,continuous_direct_verified,gamma_low,0.1707415807204611,0.69938418804847,0.08240693366201007,0.002216174951352984,0.005682973422181603,1.2000000000000002
46,0.1409989159088582,1.153751028329134,0.5443786891124439,240,0.19610118317339204,3.03798646640847,0.23947832955501433,0.19610118317339204,-0.043377146381622295,continuous_direct_verified,a1_high,0.14599891590885822,1.1635197185852975,0.5985104845569412,0.0050000000000000044,0.009768690256163559,1.0994377563397162
47,0.09865898108109833,0.4269424505531788,0.02452890975574251,240,0.0281739623153331,0.4364691473758418,0.29834462219671737,0.0281739623153331,-0.2701706598813843,continuous_direct_verified,gamma_low,0.09834510729647798,0.42654141804197426,0.020440758129785422,0.0003138737846203471,0.0004010325112045465,1.2000000000000002
48,0.10320514962077142,1.1759891569614411,0.2527023048237373,240,0.25995776882335037,4.027248437480295,0.2933816112285915,0.25995776882335037,-0.033423842405241155,continuous_direct_verified,m_low,0.09971755239410057,1.145989156961441,0.2135012100020954,0.003487597226670844,0.030000000000000027,1.1836106447418127
49,0.13585995906032622,0.4062179923057556,0.052662965428003465,240,0.061152655461943074,0.9473728647218622,0.44668914586861097,0.061152655461943074,-0.3855364904066679,continuous_direct_verified,gamma_low,0.1349063925482801,0.4056280545435623,0.043885804523336215,0.0009535665120461168,0.0005899377621932933,1.2000000000000002
50,0.17663532658480108,0.8541161566972733,0.9480383423299885,240,0.12638009659627245,1.9578720376377914,0.19522669230095024,0.12638009659627245,-0.0688465957046778,continuous_direct_verified,a1_low,0.17163532658480107,0.8644913911973802,0.8809833957486566,0.0050000000000000044,0.010375234500106911,1.0761137461896757
51,0.05958263063803315,0.7280927151441574,0.014037462446559236,240,0.014820794045880069,0.2296027540690542,0.042080772682881275,0.014820794045880069,-0.027259978637001206,continuous_direct_verified,gamma_low,0.05947301753484884,0.7270434614439317,0.011697885372132696,0.00010961310318430978,0.001049253700225683,1.2000000000000002
52,0.0750771954189986,0.9672574132680892,0.08484490069626657,240,0.0964501804411871,1.4941997703496719,0.1477430435184975,0.0964501804411871,-0.051292863077310416,continuous_direct_verified,gamma_low,0.07419475441240847,0.9575684966848631,0.07070408391355547,0.0008824410065901289,0.009688916583226126,1.2000000000000002
53,0.1827354635111988,0.6380105406045914,0.15696213627464964,240,0.2162954154159172,3.3508341670674495,0.32446725821867706,0.2162954154159172,-0.10817184280275985,continuous_direct_verified,gamma_low,0.17915761810477485,0.6323744681159748,0.1308017802288747,0.0035778454064239462,0.005636072488616639,1.2
54,0.14850639756768944,1.089129638671875,0.02756402687737931,240,0.054991887023439275,0.8519306504732003,0.09515970473498664,0.054991887023439275,-0.040167817711547364,continuous_direct_verified,gamma_low,0.14790609987761474,1.0847457603449364,0.02297002239781609,0.0006002976900746915,0.0043838783269385395,1.2000000000000002
55,0.10645939600653948,0.5161365926265716,0.4831455353688816,240,0.20616397625787053,3.1938785865385357,0.2736541324122623,0.20616397625787053,-0.06749015615439174,continuous_direct_verified,a1_high,0.11145939600653948,0.5073583007678815,0.5620702330147469,0.0050000000000000044,0.008778291858690168,1.1633559494358285
56,0.1235455834772438,0.8485465049743652,0.021671408555956388,240,0.036626608476335344,0.5674169786276249,0.0485653911494926,0.036626608476335344,-0.011938782673157254,continuous_direct_verified,gamma_low,0.12317514448146219,0.8463093635333193,0.018059507129963657,0.00037043899578161066,0.00223714144104592,1.2
57,0.15649851122871045,0.7691958844661713,0.34707604751558263,240,0.246701253072838,3.8218793785584118,0.2941789782676775,0.246701253072838,-0.04747772519483953,continuous_direct_verified,a1_high,0.16149851122871045,0.7748945766298028,0.39312430059568965,0.0050000000000000044,0.0056986921636315024,1.132674822736189
58,0.19961305111646654,1.1204202741384506,0.06096830667948074,240,0.13396162737286949,2.0753246073838687,0.16468577306536397,0.13396162737286949,-0.030724145692494487,continuous_direct_verified,gamma_low,0.1978420425890892,1.1108837744467663,0.050806922232900606,0.0017710085273773546,0.009536499691684241,1.2000000000000004
59,0.08227139213122428,0.49732345640659337,0.12336945278277167,240,0.10850309412392062,1.6809227062156815,0.23438463352305872,0.10850309412392062,-0.1258815393991381,continuous_direct_verified,gamma_low,0.08098306980824277,0.4950735345071359,0.1028078773189764,0.001288322322981511,0.002249921899457441,1.1999999999999997
60,0.05792222451418638,1.0073774367570878,0.7454739663445964,240,0.163543964262479,2.5336121998452885,0.20796681366374759,0.163543964262479,-0.04442284940126859,continuous_direct_verified,gamma_high,0.06223642796670929,0.9928621065283941,0.8945687596135157,0.004314203452522911,0.014515330228693668,1.2
61,0.16586945620365443,0.5873072117567062,0.010085493312104567,240,0.02140244875438843,0.3315653103752163,0.22082824372033205,0.02140244875438843,-0.19942579496594362,continuous_direct_verified,gamma_high,0.16615119270929102,0.5879889527199361,0.012102591974525482,0.0002817365056365928,0.0006817409632299265,1.2000000000000002
62,0.13398871789686384,0.9355029165744781,0.18161395888521742,240,0.2418272569955229,3.746371756010725,0.3250338404020018,0.2418272569955229,-0.08320658340647888,continuous_direct_verified,gamma_low,0.13081070607344453,0.9203159890490562,0.15134496573768122,0.0031780118234193133,0.015186927525421945,1.1999999999999997
63,0.0916435974650085,0.6591803908348084,0.04139809893234216,240,0.05200682997605571,0.8056863455452178,0.0771890347025439,0.05200682997605571,-0.02518220472648819,continuous_direct_verified,gamma_low,0.09114869128186971,0.6567827338923586,0.0344984157769518,0.0004949061831387852,0.002397656942449755,1.2000000000000002
64,0.09001702559180558,0.8153984464704991,0.22175732648299656,240,0.2059442116718393,3.190474008211395,0.24262466436879332,0.2059442116718393,-0.036680452696954025,continuous_direct_verified,gamma_low,0.0875394876397117,0.8034625671748817,0.1847977720691638,0.002477537952093878,0.011935879295617347,1.2
65,0.13206517156213524,0.7914196111261844,0.033732880445742096,240,0.05623967083513182,0.8712612341626101,0.08413557891584048,0.05623967083513182,-0.027895908080708652,continuous_direct_verified,gamma_low,0.13145866208873622,0.7884428064127497,0.028110733704785076,0.0006065094733990195,0.0029768047134347553,1.2000000000000002
66,0.16636762274429204,1.14352163746953,0.5910948561650653,240,0.17378468627186702,2.6922607830272867,0.29191628241512574,0.17378468627186702,-0.11813159614325872,continuous_direct_verified,a1_high,0.17136762274429204,1.149556906145602,0.6390725044925503,0.0050000000000000044,0.006035268676071848,1.0811674265595148
67,0.05870821024291217,0.463295079022646,0.012655351959780367,240,0.013153259381592893,0.203769418133023,0.1620601849795309,0.013153259381592893,-0.148906925597938,continuous_direct_verified,gamma_low,0.058617183447719545,0.46303646659333375,0.010546126633150304,9.102679519262802e-05,0.0002586124293122438,1.2000000000000002
68,0.08063925886526704,1.0288300879299639,0.06619239424990049,240,0.0829832837740854,1.2855715042825477,0.10858776364560611,0.0829832837740854,-0.025604479871520716,continuous_direct_verified,gamma_low,0.07988166229827444,1.020013637967998,0.05516032854158374,0.0007575965669926049,0.008816449961965844,1.2000000000000002
69,0.1976908104028553,0.551826960593462,0.1129325379202521,240,0.16022501738157954,2.482195295858606,0.16458851754724668,0.16022501738157954,-0.004363500165667139,continuous_direct_verified,gamma_low,0.19484478430274318,0.5485697447553247,0.09411044826687674,0.0028460261001121145,0.0032572158381373173,1.2
70,0.15698854201473297,0.9007076717913151,0.02037452630551998,240,0.040010330958330904,0.6198373819114505,0.08195364808096699,0.040010330958330904,-0.04194331712263608,continuous_direct_verified,gamma_low,0.15654472915976558,0.8983886904915085,0.01697877192126665,0.0004438128549673903,0.002318981299806566,1.2000000000000002
71,0.12433487698435784,0.6799507178366184,0.3668932054630453,240,0.2557252589064642,3.961678675797263,0.2923918383386135,0.2557252589064642,-0.03666657943214929,continuous_direct_verified,a1_high,0.12933487698435783,0.6822577866359087,0.4271362969415979,0.0049999999999999906,0.002307068799290324,1.1641978935056088
72,0.10801372705027462,1.1600169636309148,0.026039258442454253,240,0.04374993338290736,0.6777710535587366,0.05469947445414865,0.04374993338290736,-0.010949541071241284,continuous_direct_verified,gamma_low,0.10759381748776643,1.1553978707049177,0.02169938203537854,0.0004199095625081889,0.004619092925997048,1.2000000000000002
73,0.15035999189130964,0.43311758413910867,0.5128752867749444,240,0.15097218056177455,2.3388509642254878,0.22674259283093856,0.15097218056177455,-0.075770412269164,continuous_direct_verified,a1_high,0.15535999189130964,0.4251988090334952,0.5686354790971434,0.0050000000000000044,0.007918775105613451,1.1087207626493947
74,0.1823141154367477,0.881893003731966,0.09255675429883882,240,0.16828790898309196,2.607105075438339,0.24364079226015659,0.16828790898309196,-0.07535288327706463,continuous_direct_verified,gamma_low,0.18003552845582763,0.8732118206944716,0.07713062858236568,0.0022785869809200665,0.008681183037494433,1.2000000000000002
75,0.07436573933809996,0.7112398214638234,0.14428868628677555,240,0.13315228352083272,2.062786306342694,0.20159732284103346,0.13315228352083272,-0.06844503932020074,continuous_direct_verified,gamma_low,0.07300455124827787,0.7039736316219504,0.1202405719056463,0.0013611880898220935,0.007266189841872994,1.2
76,0.06114052035845817,0.9964861340820789,0.7553327459335116,240,0.16908191016657512,2.619405688880336,0.2063046581115831,0.16908191016657512,-0.03722274794500799,continuous_direct_verified,gamma_high,0.06569283330905966,0.9805414833089782,0.9063992951202139,0.004552312950601489,0.0159446507731007,1.2
77,0.17848103493452072,0.6228063590824604,0.01768830159762234,240,0.03171099836388663,0.4912646742197743,0.17204109858365443,0.03171099836388663,-0.1403301002197678,continuous_direct_verified,gamma_low,0.17807633703207634,0.6218737440109435,0.014740251331351947,0.00040469790244437864,0.0009326150715168735,1.2000000000000002
78,0.13543959418311718,1.0746108449995517,0.31003988042965414,240,0.28379537871015603,4.396539101900245,0.37188356773216746,0.28379537871015603,-0.08808818902201143,continuous_direct_verified,a1_high,0.1404395941831172,1.095672037390823,0.3572199156081608,0.0050000000000000044,0.021061192391271355,1.152174085195506
79,0.10248781084083022,0.5446833707392216,0.04309301601046046,240,0.0527708199839368,0.8175220278539871,0.11968970250856821,0.0527708199839368,-0.0669188825246314,continuous_direct_verified,gamma_low,0.1019203026598241,0.5431398932427692,0.035910846675383704,0.0005675081810061211,0.001543477496452339,1.2000000000000004
80,0.09706389834173024,1.095341405272484,0.4479806356252235,240,0.2538350336544028,3.932395432110005,0.2945228111353339,0.2538350336544028,-0.04068777748093111,continuous_direct_verified,a1_high,0.10206389834173024,1.113520859569201,0.5216971014059266,0.0050000000000000044,0.01817945429671708,1.1645527951845973
81,0.13911715839058164,0.5224391371011734,0.02972352892831151,240,0.04247229412242006,0.6579779512454242,0.12492859626207672,0.04247229412242006,-0.08245630213965666,continuous_direct_verified,gamma_low,0.13858747406640692,0.5214568552819205,0.024769607440259588,0.0005296843241747173,0.0009822818192528615,1.2000000000000002
82,0.17334207138046626,0.973466682434082,0.1711151342038263,240,0.26997127490174655,4.182377006595395,0.32921448216378646,0.26997127490174655,-0.05924320726203991,continuous_direct_verified,gamma_low,0.1694065637403691,0.9574558244427981,0.14259594516985524,0.003935507640097147,0.016010857991283878,1.2
83,0.06568670007400215,0.6443121373653412,0.07781640765809761,240,0.07327922199157383,1.135236825585607,0.08359788097601818,0.07327922199157383,-0.010318658984444354,continuous_direct_verified,gamma_low,0.06502351353763318,0.6404157147374971,0.06484700638174799,0.0006631865363689732,0.003896422627844065,1.2000000000000002
84,0.06894065560773016,0.860436064004898,0.014865464895578752,240,0.017868094722514334,0.2768113331550186,0.035400171766022386,0.017868094722514334,-0.01753207704350805,continuous_direct_verified,gamma_low,0.06879937841539376,0.8588584632570871,0.012387887412982291,0.0001412771923364059,0.0015776007478108811,1.2000000000000002
85,0.18598823747597637,0.7343080878257751,0.8953586896259322,240,0.12065230381583458,1.8691374534411398,0.2058903686730928,0.12065230381583458,-0.08523806485725821,continuous_direct_verified,a1_high,0.19098823747597637,0.7229259557057631,0.9607181003711474,0.0050000000000000044,0.011382132120011934,1.0729980191207182
86,0.14521758616901936,1.1823100119829177,0.04917087462122972,240,0.09486591377087787,1.4696564166294355,0.17315587104635782,0.09486591377087787,-0.07828995727547995,continuous_direct_verified,gamma_low,0.14415718336762484,1.1736861557200546,0.04097572885102476,0.0010604028013945221,0.008623856262863105,1.2000000000000002
87,0.11255873553454877,0.4124358624219895,0.2706871325341291,240,0.18654494951089465,2.8899419310991936,0.3577485046360926,0.18654494951089465,-0.17120355512519794,continuous_direct_verified,gamma_low,0.10880349252752657,0.41447934274535314,0.22557261044510765,0.0037552430070222076,0.0020434803233636556,1.1999999999999997
88,0.11978985285386444,0.9292446166276932,0.03796867836317812,240,0.06294845047022639,0.975193201362997,0.10438997720758271,0.06294845047022639,-0.04144152673735632,continuous_direct_verified,gamma_low,0.11915219370798108,0.9247757512692862,0.03164056530264843,0.0006376591458833597,0.004468865358406959,1.2000000000000002
89,0.16213093209080398,0.6530250996351242,0.19798993444862883,240,0.24232165542334164,3.7540309435200574,0.36558162412920314,0.24232165542334164,-0.1232599687058615,continuous_direct_verified,gamma_low,0.15820501432490797,0.6466868341802209,0.16499161204052407,0.003925917765896014,0.006338265454903347,1.1999999999999997
90,0.19401667271740736,1.001117044687271,0.01087564348615955,240,0.029923965041870046,0.4635800730386225,0.07038891040846426,0.029923965041870046,-0.040464945366594215,continuous_direct_verified,gamma_high,0.1943894475720207,1.0030110296334744,0.013050772183391462,0.0003727748546133447,0.0018939849462034086,1.2000000000000002
91,0.0860643269494176,0.5811513304710388,0.691215750618395,240,0.18417801655253332,2.853273563381902,0.19509846007860385,0.18417801655253332,-0.010920443526070522,continuous_direct_verified,a1_high,0.0910643269494176,0.562073072012658,0.8125010202143281,0.0050000000000000044,0.019078258458380848,1.1754665883805822
92,0.054162050643935804,1.1142460823059082,0.13214977010843781,240,0.10948705757750055,1.6961662024916488,0.13955651988645812,0.10948705757750055,-0.030069462308957573,continuous_direct_verified,gamma_low,0.053156391087720065,1.0965714403699753,0.1101248084236982,0.0010056595562157392,0.017674641935932822,1.1999999999999997
93,0.17150660641491416,0.49105696082115174,0.05692544128543875,240,0.07940309721174714,1.2301074925535411,0.2569949411933939,0.07940309721174714,-0.17759184398164674,continuous_direct_verified,gamma_low,0.17023787711925947,0.48960219074223466,0.04743786773786562,0.0012687292956546914,0.0014547700789170892,1.2000000000000002
94,0.12838762747123839,0.842372903227806,0.3277899749386074,240,0.28062525368776803,4.347427736231828,0.3679644686416574,0.28062525368776803,-0.08733921495388935,continuous_direct_verified,a1_high,0.1333876274712384,0.8531234868928284,0.3820007959863501,0.0050000000000000044,0.01075058366502235,1.1653827913983519
95,0.09544095820747317,0.7629314810037613,0.022949706704779065,240,0.03235291206293173,0.5012091584841905,0.04794853647692311,0.03235291206293173,-0.015595624413991385,continuous_direct_verified,gamma_low,0.09514849448487885,0.7610474627750183,0.019124755587315884,0.0002924637225943244,0.0018840182287429563,1.2000000000000002
