a1_1,a1_2,gamma,reference_noise_level,max_abs_g_difference,rms_g_difference,l2_g_difference,relative_l2_difference,mean_rms_g,sigma_reference,snr_sep,snr_sep_rms
0.05,0.065,0.01,0.002,0.0021857954561710358,0.0005867906180065908,0.005867906180065908,0.03592373733758937,0.01633434217860716,3.2668684357214316e-05,179.61868668794685,17.961868668794683
0.05,0.065,0.015848931924611134,0.002,0.0021791942417621613,0.000585086561682494,0.00585086561682494,0.035833654595795794,0.016327850683450516,3.265570136690103e-05,179.16827297897896,17.916827297897896
0.05,0.065,0.025118864315095794,0.002,0.0021687261760234833,0.0005823858604466806,0.005823858604466806,0.035690733844036086,0.016317564749204424,3.263512949840885e-05,178.45366922018042,17.845366922018044
0.05,0.065,0.039810717055349734,0.002,0.002152141183614731,0.0005781086718027928,0.005781086718027927,0.03546401789446355,0.016301273970794037,3.2602547941588076e-05,177.3200894723178,17.73200894723178
0.05,0.065,0.06309573444801933,0.002,0.002125892788171768,0.0005713427924464169,0.005713427924464169,0.03510445597620847,0.016275506244382086,3.2551012488764174e-05,175.52227988104232,17.55222798810423
0.05,0.065,0.1,0.002,0.002084478735923767,0.0005606766286888042,0.005606766286888042,0.03453529978279898,0.016234885239596528,3.246977047919306e-05,172.67649891399486,17.267649891399486
0.05,0.065,0.15848931924611143,0.002,0.0020196661353111267,0.0005440027161826086,0.005440027161826086,0.03363982700417673,0.01617138863749403,3.234277727498806e-05,168.1991350208837,16.81991350208837
0.05,0.065,0.25118864315095807,0.002,0.0019202455878257751,0.0005184660622187581,0.005184660622187582,0.03225464650163063,0.01607415112091051,3.214830224182102e-05,161.27323250815311,16.127323250815312
0.05,0.065,0.3981071705534973,0.002,0.0017745941877365112,0.00048112370697173004,0.0048112370697173,0.03019861825885301,0.015931977511278485,3.186395502255697e-05,150.99309129426504,15.099309129426507
0.05,0.065,0.6309573444801934,0.002,0.0015796162188053131,0.00043122955852157387,0.0043122955852157386,0.027393506397523224,0.015742035804535173,3.148407160907034e-05,136.96753198761613,13.696753198761611
0.05,0.065,1.0,0.002,0.0013519413769245148,0.0003730129110740548,0.003730129110740548,0.024033713529066424,0.015520402647012169,3.1040805294024336e-05,120.16856764533215,12.016856764533214
0.065,0.08,0.01,0.002,0.0021857954561710358,0.0005867905409825141,0.0058679054098251405,0.034682372121225984,0.01691898521045485,3.38379704209097e-05,173.41186060612992,17.341186060612994
0.065,0.08,0.015848931924611134,0.002,0.002179190516471863,0.0005850860716142249,0.00585086071614225,0.034598372529484084,0.016910797498224106,3.3821594996448216e-05,172.99186264742036,17.299186264742037
0.065,0.08,0.025118864315095794,0.002,0.002168722450733185,0.0005823856856275915,0.005823856856275916,0.034465129430407894,0.01689782383680139,3.379564767360278e-05,172.32564715203947,17.232564715203942
0.065,0.08,0.039810717055349734,0.002,0.0021521374583244324,0.0005781082362984853,0.005781082362984852,0.03425364560794502,0.016877276156684322,3.375455231336865e-05,171.2682280397251,17.126822803972512
0.065,0.08,0.06309573444801933,0.002,0.002125892788171768,0.0005713430415725581,0.005713430415725581,0.03391811557432347,0.01684477548054213,3.368955096108426e-05,169.59057787161734,16.959057787161733
0.065,0.08,0.1,0.002,0.002084478735923767,0.0005606768993270568,0.005606768993270569,0.03338646200286274,0.016793540426026016,3.358708085205203e-05,166.93231001431369,16.693231001431368
0.065,0.08,0.15848931924611143,0.002,0.0020196624100208282,0.0005440027492123768,0.005440027492123769,0.03254879477057401,0.01671345292650242,3.342690585300484e-05,162.74397385287006,16.274397385287006
0.065,0.08,0.25118864315095807,0.002,0.0019202455878257751,0.0005184658302456443,0.0051846583024564435,0.03125018251016448,0.01659080967213575,3.3181619344271506e-05,156.2509125508224,15.625091255082237
0.065,0.08,0.3981071705534973,0.002,0.0017745904624462128,0.00048112321882047386,0.004811232188204739,0.029316237909554715,0.016411492508172976,3.282298501634595e-05,146.5811895477736,14.65811895477736
0.065,0.08,0.6309573444801934,0.002,0.0015796124935150146,0.00043122938426527096,0.00431229384265271,0.026665295074406663,0.016171933708664064,3.234386741732813e-05,133.32647537203331,13.332647537203332
0.065,0.08,1.0,0.002,0.0013519451022148132,0.0003730129860715202,0.0037301298607152022,0.023471132182856267,0.015892415549684284,3.178483109936857e-05,117.35566091428134,11.735566091428133
0.08,0.095,0.01,0.002,0.0021857991814613342,0.0005867906241530954,0.005867906241530955,0.03352366685522767,0.017503772086960454,3.500754417392091e-05,167.61833427613837,16.761833427613833
0.08,0.095,0.015848931924611134,0.002,0.002179190516471863,0.0005850863470356265,0.005850863470356266,0.03344518806445,0.01749388718963534,3.498777437927068e-05,167.22594032224998,16.722594032225
0.08,0.095,0.025118864315095794,0.002,0.002168722450733185,0.0005823856551724205,0.005823856551724205,0.03332064180897475,0.017478224414499657,3.495644882899932e-05,166.60320904487372,16.66032090448737
0.08,0.095,0.039810717055349734,0.002,0.002152141183614731,0.0005781087163065147,0.005781087163065146,0.03312295185382633,0.017453417764749495,3.490683552949899e-05,165.61475926913164,16.561475926913165
0.08,0.095,0.06309573444801933,0.002,0.0021258890628814697,0.0005713427383556931,0.00571342738355693,0.032809050876433564,0.017414180632883934,3.482836126576787e-05,164.0452543821678,16.404525438216783
0.08,0.095,0.1,0.002,0.002084478735923767,0.0005606766334659048,0.005606766334659049,0.032311324101025184,0.017352326129157783,3.470465225831557e-05,161.5566205051259,16.15566205051259
0.08,0.095,0.15848931924611143,0.002,0.0020196661353111267,0.0005440029629408242,0.005440029629408242,0.03152609701318874,0.01725563943780431,3.451127887560862e-05,157.63048506594367,15.763048506594366
0.08,0.095,0.25118864315095807,0.002,0.0019202455878257751,0.0005184658193237319,0.005184658193237319,0.030306208937374166,0.017107577539477416,3.4215155078954835e-05,151.53104468687079,15.153104468687077
0.08,0.095,0.3981071705534973,0.002,0.0017745941877365112,0.000481123597938914,0.00481123597938914,0.028483854019637975,0.01689109899268572,3.378219798537144e-05,142.41927009818983,14.241927009818985
0.08,0.095,0.6309573444801934,0.002,0.0015796124935150146,0.000431229342691981,0.00431229342691981,0.02597469727980522,0.016601900612995893,3.3203801225991783e-05,129.87348639902612,12.98734863990261
0.08,0.095,1.0,0.002,0.0013519413769245148,0.0003730129581755354,0.003730129581755354,0.02293421547263498,0.01626447430131687,3.252894860263374e-05,114.67107736317492,11.467107736317491
0.095,0.11,0.01,0.002,0.0021857954561710358,0.0005867905840914904,0.005867905840914904,0.032439641624853056,0.018088688860296506,3.617737772059301e-05,162.1982081242653,16.21982081242653
0.095,0.11,0.015848931924611134,0.002,0.0021791942417621613,0.0005850862874964568,0.005850862874964569,0.03236614777896026,0.01807710610148034,3.615421220296068e-05,161.8307388948013,16.183073889480127
0.095,0.11,0.025118864315095794,0.002,0.0021687261760234833,0.000582385620759034,0.0058238562075903395,0.03224949279907377,0.01805875287365017,3.611750574730034e-05,161.24746399536886,16.124746399536885
0.095,0.11,0.039810717055349734,0.002,0.0021521374583244324,0.0005781085589422582,0.005781085589422581,0.03206426188639099,0.018029685541822008,3.605937108364402e-05,160.32130943195494,16.032130943195497
0.095,0.11,0.06309573444801933,0.002,0.002125892788171768,0.0005713428784536929,0.005713428784536929,0.031770025163075644,0.01798370871665943,3.5967417433318864e-05,158.8501258153782,15.88501258153782
0.095,0.11,0.1,0.002,0.002084478735923767,0.0005606767566582637,0.005606767566582636,0.03130308501306294,0.017911230040882242,3.5822460081764485e-05,156.5154250653147,15.651542506531472
0.095,0.11,0.15848931924611143,0.002,0.0020196624100208282,0.000544002624569613,0.00544002624569613,0.0305654880267407,0.017797936813365577,3.559587362673115e-05,152.82744013370348,15.282744013370348
0.095,0.11,0.25118864315095807,0.002,0.0019202455878257751,0.000518465934037979,0.005184659340379789,0.029417432799109862,0.01762444525933164,3.524889051866328e-05,147.0871639955493,14.708716399554934
0.095,0.11,0.3981071705534973,0.002,0.0017745904624462128,0.0004811231713746804,0.004811231713746804,0.027697254301826166,0.017370789397812565,3.474157879562513e-05,138.48627150913083,13.848627150913083
0.095,0.11,0.6309573444801934,0.002,0.0015796124935150146,0.0004312294907494929,0.004312294907494929,0.02531888367236208,0.017031931436227582,3.4063862872455164e-05,126.5944183618104,12.659441836181038
0.095,0.11,1.0,0.002,0.0013519413769245148,0.0003730128920117018,0.003730128920117018,0.022421254070503747,0.016636575761496696,3.3273151522993396e-05,112.10627035251872,11.210627035251873
0.11,0.125,0.01,0.002,0.0021857917308807373,0.0005867903689956913,0.0058679036899569135,0.03142331944398127,0.018673723189613037,3.7347446379226076e-05,157.11659721990637,15.711659721990635
0.11,0.125,0.015848931924611134,0.002,0.0021791942417621613,0.000585086469947661,0.00585086469947661,0.03135437347287622,0.018660442073696756,3.732088414739351e-05,156.77186736438114,15.677186736438115
0.11,0.125,0.025118864315095794,0.002,0.0021687261760234833,0.0005823858920599288,0.005823858920599287,0.03124488841827689,0.01863939740361686,3.7278794807233725e-05,156.22444209138442,15.622444209138443
0.11,0.125,0.039810717055349734,0.002,0.002152141183614731,0.0005781083148033942,0.005781083148033942,0.031070956674688583,0.01860606742354799,3.7212134847095975e-05,155.35478337344293,15.535478337344292
0.11,0.125,0.06309573444801933,0.002,0.0021258890628814697,0.0005713428269737482,0.005713428269737483,0.03079459357262163,0.018553348516400253,3.7106697032800504e-05,153.97296786310815,15.397296786310815
0.11,0.125,0.1,0.002,0.0020844750106334686,0.0005606767076014339,0.005606767076014338,0.030355678176171758,0.018470241526066355,3.694048305213271e-05,151.77839088085878,15.17783908808588
0.11,0.125,0.15848931924611143,0.002,0.0020196624100208282,0.0005440027330640741,0.0054400273306407405,0.02966154806623877,0.01834033516555619,3.668067033111238e-05,148.30774033119383,14.830774033119383
0.11,0.125,0.25118864315095807,0.002,0.0019202455878257751,0.0005184662418314881,0.0051846624183148815,0.02857916779525666,0.01814140445046615,3.62828089009323e-05,142.89583897628333,14.28958389762833
0.11,0.125,0.3981071705534973,0.002,0.0017745941877365112,0.0004811236843727581,0.004811236843727581,0.02695286673744255,0.017850557013454442,3.570111402690888e-05,134.76433368721277,13.476433368721276
0.11,0.125,0.6309573444801934,0.002,0.0015796124935150146,0.00043122938357224096,0.00431229383572241,0.02469527284321527,0.017462021428555144,3.492404285711029e-05,123.47636421607635,12.347636421607634
0.11,0.125,1.0,0.002,0.0013519413769245148,0.00037301309093589705,0.003730130909358971,0.021930700929905293,0.01700871723745256,3.401743447490512e-05,109.65350464952648,10.965350464952648
0.125,0.14,0.01,0.002,0.0021857991814613342,0.0005867905719116193,0.005867905719116193,0.030468596612342344,0.01925886444254278,3.851772888508556e-05,152.34298306171172,15.234298306171171
0.125,0.14,0.015848931924611134,0.002,0.002179190516471863,0.0005850863237068738,0.0058508632370687375,0.030403753773023373,0.019243884425416205,3.848776885083241e-05,152.01876886511687,15.201876886511688
0.125,0.14,0.025118864315095794,0.002,0.002168722450733185,0.0005823855801978343,0.005823855801978342,0.030300786425000205,0.019220147359519574,3.844029471903915e-05,151.50393212500103,15.150393212500102
0.125,0.14,0.039810717055349734,0.002,0.0021521374583244324,0.0005781085789274464,0.005781085789274463,0.03013720696261553,0.019182553301789904,3.836510660357981e-05,150.68603481307767,15.06860348130777
0.125,0.14,0.06309573444801933,0.002,0.0021258965134620667,0.0005713431626160427,0.005713431626160426,0.02987713589792706,0.01912309013045938,3.824618026091877e-05,149.38567948963527,14.938567948963529
0.125,0.14,0.1,0.002,0.002084478735923767,0.0005606767860189207,0.005606767860189207,0.02946378905534334,0.019029351077886583,3.805870215577317e-05,147.31894527671668,14.73189452767167
0.125,0.14,0.15848931924611143,0.002,0.0020196624100208282,0.000544002727164571,0.0054400272716457095,0.02880939162124901,0.018882825931087335,3.776565186217467e-05,144.04695810624506,14.404695810624506
0.125,0.14,0.25118864315095807,0.002,0.0019202455878257751,0.0005184658134298023,0.005184658134298022,0.027787189703605733,0.018658447254294483,3.7316894508588965e-05,138.93594851802865,13.893594851802867
0.125,0.14,0.3981071705534973,0.002,0.0017745904624462128,0.0004811231998491559,0.004811231998491559,0.026247289272586394,0.018330395754492565,3.666079150898513e-05,131.23644636293199,13.123644636293198
0.125,0.14,0.6309573444801934,0.002,0.0015796124935150146,0.00043122934397260267,0.0043122934397260265,0.024101572632975625,0.017892166230787668,3.5784332461575334e-05,120.50786316487812,12.050786316487812
0.125,0.14,1.0,0.002,0.0013519451022148132,0.00037301296221936434,0.0037301296221936434,0.0214610892089116,0.017380896122666162,3.476179224533233e-05,107.30544604455802,10.730544604455803
0.14,0.155,0.01,0.002,0.0021857991814613342,0.0005867908027242004,0.005867908027242004,0.029570033583006222,0.019844103358118155,3.968820671623631e-05,147.8501679150311,14.78501679150311
0.14,0.155,0.015848931924611134,0.002,0.002179190516471863,0.0005850859833791984,0.005850859833791984,0.02950892653572576,0.01982742349745758,3.965484699491516e-05,147.5446326786288,14.75446326786288
0.14,0.155,0.025118864315095794,0.002,0.002168722450733185,0.0005823856366948833,0.005823856366948833,0.02941194043046608,0.0198009933439014,3.96019866878028e-05,147.05970215233037,14.705970215233037
0.14,0.155,0.039810717055349734,0.002,0.0021521374583244324,0.0005781084094653389,0.005781084094653389,0.02925778055022105,0.019759134103593895,3.951826820718779e-05,146.28890275110524,14.628890275110525
0.14,0.155,0.06309573444801933,0.002,0.0021258890628814697,0.0005713426546339012,0.005713426546339011,0.02901258542190069,0.019692924512774122,3.938584902554825e-05,145.0629271095034,14.506292710950342
0.14,0.155,0.1,0.002,0.002084478735923767,0.0005606767660627411,0.005606767660627411,0.028622677919639884,0.019588550296966593,3.917710059393319e-05,143.11338959819943,14.311338959819944
0.14,0.155,0.15848931924611143,0.002,0.0020196661353111267,0.0005440028041020798,0.005440028041020798,0.02800471375520987,0.01942540133983251,3.885080267966502e-05,140.0235687760494,14.002356877604935
0.14,0.155,0.25118864315095807,0.002,0.0019202455878257751,0.000518465981045698,0.00518465981045698,0.027037843817333124,0.01917556682953119,3.835113365906238e-05,135.18921908666562,13.518921908666561
0.14,0.155,0.3981071705534973,0.002,0.0017745904624462128,0.0004811236020693346,0.004811236020693346,0.0255776674900039,0.01881030012831953,3.762060025663906e-05,127.88833745001949,12.78883374500195
0.14,0.155,0.6309573444801934,0.002,0.0015796124935150146,0.00043122954664764576,0.004312295466476458,0.023535696105315827,0.018322362114042052,3.66447242280841e-05,117.67848052657914,11.767848052657913
0.14,0.155,1.0,0.002,0.0013519413769245148,0.00037301286880290303,0.00373012868802903,0.02101112822406531,0.017753109915138635,3.550621983027727e-05,105.05564112032654,10.505564112032655
0.155,0.17,0.01,0.002,0.0021857917308807373,0.0005867903855270893,0.005867903855270894,0.028722795945156185,0.020429431265936552,4.085886253187311e-05,143.61397972578092,14.36139797257809
0.155,0.17,0.015848931924611134,0.002,0.002179190516471863,0.0005850863700969942,0.005850863700969943,0.02866517572348292,0.02041105122609394,4.0822102452187884e-05,143.3258786174146,14.332587861741457
0.155,0.17,0.025118864315095794,0.002,0.002168722450733185,0.0005823858316748858,0.005823858316748858,0.02857363884172696,0.020381927373716573,4.076385474743315e-05,142.8681942086348,14.286819420863479
0.155,0.17,0.039810717055349734,0.002,0.0021521449089050293,0.000578108763181029,0.005781087631810291,0.028428127363820922,0.02033580178470565,4.0671603569411306e-05,142.1406368191046,14.21406368191046
0.155,0.17,0.06309573444801933,0.002,0.0021258890628814697,0.0005713429075606051,0.005713429075606051,0.028196580570392173,0.020262843791794525,4.052568758358905e-05,140.98290285196083,14.098290285196084
0.155,0.17,0.1,0.002,0.002084478735923767,0.0005606768302456061,0.00560676830245606,0.02782814737711527,0.020147831713248857,4.029566342649772e-05,139.14073688557633,13.914073688557634
0.155,0.17,0.15848931924611143,0.002,0.0020196661353111267,0.0005440029065082123,0.005440029065082123,0.027243660871263373,0.019968054553271393,3.993610910654279e-05,136.21830435631685,13.621830435631685
0.155,0.17,0.25118864315095807,0.002,0.0019202455878257751,0.0005184659147211469,0.005184659147211469,0.026327746138745316,0.019692757290687514,3.938551458137503e-05,131.6387306937266,13.163873069372658
0.155,0.17,0.3981071705534973,0.002,0.0017745941877365112,0.00048112324391639914,0.004811232439163992,0.024941245596559424,0.019290265277800273,3.8580530555600545e-05,124.70622798279712,12.470622798279711
0.155,0.17,0.6309573444801934,0.002,0.0015796124935150146,0.0004312293876405933,0.004312293876405933,0.02299570516892192,0.01875260551798117,3.750521103596234e-05,114.97852584460959,11.49785258446096
0.155,0.17,1.0,0.002,0.0013519413769245148,0.0003730129743112048,0.003730129743112048,0.020579621291667793,0.018125356585751602,3.62507131715032e-05,102.89810645833899,10.289810645833898
0.17,0.185,0.01,0.002,0.0021857991814613342,0.0005867907914263908,0.005867907914263908,0.027922685543015704,0.021014840801126474,4.202968160225295e-05,139.61342771507853,13.961342771507852
0.17,0.185,0.015848931924611134,0.002,0.002179190516471863,0.000585086153630127,0.0058508615363012705,0.02786819882721477,0.02099476027344686,4.1989520546893724e-05,139.34099413607385,13.934099413607385
0.17,0.185,0.025118864315095794,0.002,0.0021687299013137817,0.0005823858645667712,0.0058238586456677115,0.027781685479429424,0.0209629421151568,4.19258842303136e-05,138.9084273971471,13.890842739714712
0.17,0.185,0.039810717055349734,0.002,0.0021521374583244324,0.0005781082350461811,0.005781082350461811,0.027644082761310883,0.020912548990602402,4.18250979812048e-05,138.2204138065544,13.822041380655442
0.17,0.185,0.06309573444801933,0.002,0.0021258965134620667,0.0005713430981054503,0.005713430981054503,0.02742511641784847,0.020832841305046056,4.166568261009211e-05,137.12558208924233,13.712558208924234
0.17,0.185,0.1,0.002,0.002084478735923767,0.0005606768247435834,0.005606768247435834,0.027076433869298564,0.020707188673739045,4.1414377347478094e-05,135.3821693464928,13.538216934649279
0.17,0.185,0.15848931924611143,0.002,0.00201965868473053,0.0005440024020680223,0.005440024020680224,0.02652275658561681,0.020510779123276833,4.1021558246553665e-05,132.61378292808405,13.261378292808404
0.17,0.185,0.25118864315095807,0.002,0.0019202455878257751,0.0005184661466325647,0.005184661466325647,0.02565392416282306,0.020210013226121214,4.042002645224243e-05,128.26962081411529,12.82696208141153
0.17,0.185,0.3981071705534973,0.002,0.0017745941877365112,0.0004811235366241482,0.004811235366241482,0.02433568837373199,0.019770286717817862,3.9540573435635724e-05,121.67844186865997,12.167844186865997
0.17,0.185,0.6309573444801934,0.002,0.0015796124935150146,0.0004312293763349177,0.004312293763349177,0.02247989253846928,0.019182893138700093,3.8365786277400186e-05,112.39946269234639,11.239946269234638
0.17,0.185,1.0,0.002,0.0013519413769245148,0.00037301287256912864,0.0037301287256912867,0.02016543681642522,0.018497634143253516,3.699526828650703e-05,100.82718408212611,10.08271840821261
0.185,0.2,0.01,0.002,0.0021857917308807373,0.0005867904553730824,0.005867904553730823,0.027165815580794492,0.021600325365822168,4.320065073164434e-05,135.82907790397243,13.582907790397247
0.185,0.2,0.015848931924611134,0.002,0.002179190516471863,0.0005850862845592194,0.0058508628455921936,0.027114261593119585,0.02157854391681788,4.3157087833635764e-05,135.57130796559792,13.557130796559793
0.185,0.2,0.025118864315095794,0.002,0.002168722450733185,0.0005823856579714028,0.005823856579714027,0.027032344216369665,0.021544030858364635,4.308806171672927e-05,135.1617210818483,13.516172108184831
0.185,0.2,0.039810717055349734,0.002,0.0021521374583244324,0.0005781088826980948,0.0057810888269809475,0.02690208680500946,0.02148936946372668,4.297873892745336e-05,134.51043402504732,13.451043402504732
0.185,0.2,0.06309573444801933,0.002,0.0021258890628814697,0.0005713423809816305,0.005713423809816305,0.02669461169757105,0.021402910349642472,4.280582069928495e-05,133.47305848785524,13.347305848785528
0.185,0.2,0.1,0.002,0.002084478735923767,0.000560676668532981,0.00560676668532981,0.026364170599307696,0.021266615098739502,4.2533230197479006e-05,131.82085299653846,13.182085299653846
0.185,0.2,0.15848931924611143,0.002,0.0020196661353111267,0.0005440030760754214,0.005440030760754214,0.025838994618746888,0.0210535697732114,4.21071395464228e-05,129.19497309373443,12.919497309373442
0.185,0.2,0.25118864315095807,0.002,0.0019202455878257751,0.000518465688728107,0.00518465688728107,0.02501362693614125,0.020727329549278414,4.1454659098556826e-05,125.06813468070625,12.506813468070623
0.185,0.2,0.3981071705534973,0.002,0.0017745941877365112,0.0004811235846612525,0.004811235846612525,0.02375876622769539,0.02025036064795363,4.050072129590726e-05,118.79383113847697,11.879383113847696
0.185,0.2,0.6309573444801934,0.002,0.0015796124935150146,0.00043122932626792326,0.0043122932626792326,0.02198666409220915,0.01961322210861114,3.9226444217222285e-05,109.93332046104575,10.993332046104575
0.185,0.2,1.0,0.002,0.0013519451022148132,0.00037301294075399373,0.0037301294075399376,0.019767573526338015,0.018869940726766336,3.7739881453532674e-05,98.83786763169007,9.883786763169006
