a1,gamma_1,gamma_2,reference_noise_level,max_abs_g_difference,rms_g_difference,l2_g_difference,relative_l2_difference,mean_rms_g,sigma_reference,snr_sep,snr_sep_rms
0.05,0.01,0.015848931924611134,0.002,2.2016465663909912e-05,5.683701451243634e-06,5.683701451243635e-05,0.00035436234208847527,0.016039236612293752,3.207847322458751e-05,1.7718117104423758,0.17718117104423758
0.05,0.015848931924611134,0.025118864315095794,0.002,3.489106893539429e-05,9.00585594919867e-06,9.00585594919867e-05,0.000561744489105337,0.01603194356840395,3.20638871368079e-05,2.8087224455266853,0.2808722445526685
0.05,0.025118864315095794,0.039810717055349734,0.002,5.5283308029174805e-05,1.4264033908346736e-05,0.00014264033908346736,0.0008903674073368492,0.016020390897968126,3.2040781795936255e-05,4.451837036684245,0.4451837036684245
0.05,0.039810717055349734,0.06309573444801933,0.002,8.749216794967651e-05,2.256303038275768e-05,0.0002256303038275768,0.0014100035953832143,0.016002108403578533,3.200421680715707e-05,7.050017976916072,0.7050017976916072
0.05,0.06309573444801933,0.1,0.002,0.0001380443572998047,3.557210341171358e-05,0.00035572103411713574,0.0022269797389832652,0.01597324968387639,3.1946499367752785e-05,11.134898694916327,1.1134898694916329
0.05,0.1,0.15848931924611143,0.002,0.0002160482108592987,5.5611342297394646e-05,0.0005561134229739465,0.0034914224232191274,0.01592799024476689,3.185598048953378e-05,17.45711211609564,1.7457112116095639
0.05,0.15848931924611143,0.25118864315095807,0.002,0.00033139437437057495,8.517746649836389e-05,0.0008517746649836389,0.005371221136970293,0.015858119471582457,3.1716238943164916e-05,26.85610568485147,2.685610568485147
0.05,0.25118864315095807,0.3981071705534973,0.002,0.00048550963401794434,0.00012457127508924245,0.0012457127508924248,0.007907255466189358,0.015754047105458642,3.150809421091728e-05,39.53627733094679,3.9536277330946783
0.05,0.3981071705534973,0.6309573444801934,0.002,0.0006499327719211578,0.00016647671382241284,0.0016647671382241283,0.010664970379248316,0.015609674279671687,3.1219348559343376e-05,53.324851896241576,5.332485189624157
0.05,0.6309573444801934,1.0,0.002,0.0007589012384414673,0.00019430555128942283,0.0019430555128942286,0.012592095032241086,0.015430756422336274,3.0861512844672546e-05,62.960475161205444,6.296047516120543
0.065,0.01,0.015848931924611134,0.002,2.8617680072784424e-05,7.388520292400628e-06,7.388520292400628e-05,0.0004444769138164314,0.016622956249763923,3.324591249952785e-05,2.222384569082157,0.22223845690821567
0.065,0.015848931924611134,0.025118864315095794,0.002,4.5359134674072266e-05,1.1707796263294219e-05,0.0001170779626329422,0.0007047170127327301,0.016613471864250995,3.322694372850199e-05,3.5235850636636497,0.35235850636636495
0.065,0.025118864315095794,0.039810717055349734,0.002,7.186830043792725e-05,1.8543226094799724e-05,0.00018543226094799723,0.0011171662732335835,0.016598447822030335,3.319689564406067e-05,5.585831366167918,0.5585831366167918
0.065,0.039810717055349734,0.06309573444801933,0.002,0.00011374056339263916,2.933221340516368e-05,0.0002933221340516368,0.0017697010075722536,0.016574671811597587,3.3149343623195176e-05,8.848505037861267,0.8848505037861268
0.065,0.06309573444801933,0.1,0.002,0.00017945840954780579,4.6243785025582555e-05,0.0004624378502558255,0.0027963589829831845,0.01653714180010222,3.307428360020444e-05,13.981794914915922,1.3981794914915924
0.065,0.1,0.15848931924611143,0.002,0.0002808608114719391,7.229467458025421e-05,0.000722946745802542,0.004387269705592491,0.01647828363232367,3.295656726464734e-05,21.936348527962448,2.193634852796245
0.065,0.15848931924611143,0.25118864315095807,0.002,0.0004308149218559265,0.0001107305531136929,0.001107305531136929,0.0067570460252817655,0.01638742028682208,3.277484057364416e-05,33.78523012640883,3.3785230126408825
0.065,0.25118864315095807,0.3981071705534973,0.002,0.0006311610341072083,0.0001619424455628139,0.001619424455628139,0.009964412576718965,0.016252081526730352,3.2504163053460706e-05,49.822062883594825,4.982206288359483
0.065,0.3981071705534973,0.6309573444801934,0.002,0.000844910740852356,0.00021641986924352262,0.0021641986924352263,0.013472068085503892,0.01606433903614197,3.212867807228394e-05,67.36034042751947,6.736034042751948
0.065,0.6309573444801934,1.0,0.002,0.0009865760803222656,0.0002525973621434276,0.0025259736214342764,0.01595518162109116,0.015831682029211067,3.166336405842213e-05,79.77590810545581,7.97759081054558
0.08,0.01,0.015848931924611134,0.002,3.52226197719574e-05,9.093756040110073e-06,9.093756040110074e-05,0.0005284969928547462,0.017206826458915032,3.441365291783006e-05,2.6424849642737307,0.264248496427373
0.08,0.015848931924611134,0.025118864315095794,0.002,5.5827200412750244e-05,1.4409417236297233e-05,0.00014409417236297233,0.0008379931364241992,0.017195149470774503,3.4390298941549006e-05,4.189965682120995,0.4189965682120995
0.08,0.025118864315095794,0.039810717055349734,0.002,8.845329284667969e-05,2.2822686956115093e-05,0.00022822686956115092,0.0013287040296503442,0.017176652171455375,3.435330434291075e-05,6.643520148251721,0.6643520148251721
0.08,0.039810717055349734,0.06309573444801933,0.002,0.00013998523354530334,3.6100701006198615e-05,0.0003610070100619862,0.0021053187935011325,0.017147379825628865,3.429475965125773e-05,10.526593967505661,1.052659396750566
0.08,0.06309573444801933,0.1,0.002,0.00022087246179580688,5.691544711149761e-05,0.0005691544711149761,0.003328160204507712,0.017101174106465923,3.4202348212931846e-05,16.64080102253856,1.6640801022538558
0.08,0.1,0.15848931924611143,0.002,0.00034567713737487793,8.897825256335299e-05,0.0008897825256335299,0.005225190517974431,0.017028709720204767,3.405741944040953e-05,26.12595258987216,2.6125952589872163
0.08,0.15848931924611143,0.25118864315095807,0.002,0.0005302317440509796,0.00013628389281785555,0.0013628389281785554,0.008056107062171042,0.016916842311816095,3.383368462363219e-05,40.28053531085521,4.028053531085521
0.08,0.25118864315095807,0.3981071705534973,0.002,0.0007768161594867706,0.00019931388802397977,0.0019931388802397975,0.011899179846409964,0.016750220653578375,3.350044130715675e-05,59.495899232049815,5.949589923204982
0.08,0.3981071705534973,0.6309573444801934,0.002,0.001039888709783554,0.000266362693732829,0.0026636269373282897,0.016124540709738008,0.016519087180695072,3.3038174361390145e-05,80.62270354869004,8.062270354869007
0.08,0.6309573444801934,1.0,0.002,0.001214243471622467,0.0003108889172193316,0.003108889172193316,0.019152053869575587,0.016232667229137285,3.246533445827457e-05,95.76026934787795,9.576026934787796
0.095,0.01,0.015848931924611134,0.002,4.183128476142883e-05,1.0798808055022351e-05,0.00010798808055022351,0.0006069872144653258,0.017790832817680763,3.5581665635361524e-05,3.0349360723266297,0.30349360723266294
0.095,0.015848931924611134,0.025118864315095794,0.002,6.629526615142822e-05,1.7111344574543163e-05,0.0001711134457454316,0.0009625572944452512,0.017776962133360497,3.5553924266720996e-05,4.812786472226255,0.48127864722262564
0.095,0.025118864315095794,0.039810717055349734,0.002,0.00010503455996513367,2.7101629098609984e-05,0.00027101629098609986,0.001526423224497078,0.017754990007793778,3.550998001558756e-05,7.6321161224853915,0.7632116122485392
0.095,0.039810717055349734,0.06309573444801933,0.002,0.00016623735427856445,4.286998431027423e-05,0.0004286998431027423,0.00241926949919245,0.017720218572004565,3.544043714400913e-05,12.096347495962249,1.209634749596225
0.095,0.06309573444801933,0.1,0.002,0.0002622827887535095,6.758706906201217e-05,0.0006758706906201217,0.0038259720538395495,0.017665332655575794,3.533066531115159e-05,19.129860269197742,1.9129860269197743
0.095,0.1,0.15848931924611143,0.002,0.0004104897379875183,0.00010566133899621537,0.0010566133899621536,0.006010569498350278,0.017579255846757326,3.515851169351465e-05,30.052847491751386,3.005284749175139
0.095,0.15848931924611143,0.25118864315095807,0.002,0.0006296522915363312,0.00016183746849396304,0.0016183746849396303,0.009276280694252974,0.017446374665465635,3.489274933093127e-05,46.38140347126486,4.638140347126487
0.095,0.25118864315095807,0.3981071705534973,0.002,0.0009224675595760345,0.0002366849322622663,0.0023668493226226633,0.013722093961821145,0.017248455878584756,3.4496911757169516e-05,68.61046980910572,6.861046980910571
0.095,0.3981071705534973,0.6309573444801934,0.002,0.0012348704040050507,0.0003163059543074104,0.003163059543074104,0.018634828929704538,0.016973912424986536,3.394782484997307e-05,93.17414464852268,9.317414464852268
0.095,0.6309573444801934,1.0,0.002,0.001441914588212967,0.0003691804564176214,0.003691804564176214,0.022194718303643602,0.016633707685175476,3.3267415370350954e-05,110.973591518218,11.0973591518218
0.11,0.01,0.015848931924611134,0.002,4.8432499170303345e-05,1.25038684643749e-05,0.000125038684643749,0.0006804840394401803,0.018374962144096084,3.674992428819217e-05,3.4024201972009016,0.34024201972009016
0.11,0.015848931924611134,0.025118864315095794,0.002,7.67633318901062e-05,1.98132485095772e-05,0.000198132485095772,0.001079217813594238,0.018358896841770014,3.671779368354003e-05,5.396089067971191,0.5396089067971191
0.11,0.025118864315095794,0.039810717055349734,0.002,0.00012162327766418457,3.138070099913731e-05,0.0003138070099913731,0.0017116638562112774,0.0183334484076784,3.6666896815356804e-05,8.558319281056386,0.8558319281056386
0.11,0.039810717055349734,0.06309573444801933,0.002,0.00019248202443122864,4.963896614215186e-05,0.0004963896614215185,0.0027135237201513993,0.01829317568647687,3.658635137295374e-05,13.567618600757,1.3567618600756999
0.11,0.06309573444801933,0.1,0.002,0.0003036968410015106,7.825870743238864e-05,0.0007825870743238864,0.004292945606978816,0.018229606101965883,3.6459212203931765e-05,21.464728034894076,2.1464728034894076
0.11,0.1,0.15848931924611143,0.002,0.00047530606389045715,0.00012234489850735094,0.0012234489850735096,0.006748234917248261,0.018129911007490493,3.6259822014980985e-05,33.74117458624131,3.3741174586241303
0.11,0.15848931924611143,0.25118864315095807,0.002,0.0007290691137313843,0.00018739058133690017,0.0018739058133690016,0.010424482872738176,0.017976007407231577,3.595201481446316e-05,52.12241436369088,5.212241436369088
0.11,0.25118864315095807,0.3981071705534973,0.002,0.001068122684955597,0.00027405652492140713,0.002740565249214071,0.015442606702941784,0.017746778778559444,3.549355755711889e-05,77.21303351470893,7.721303351470893
0.11,0.3981071705534973,0.6309573444801934,0.002,0.0014298483729362488,0.000366248627014473,0.00366248627014473,0.021013979752294517,0.01742880840905361,3.485761681810722e-05,105.06989876147259,10.50698987614726
0.11,0.6309573444801934,1.0,0.002,0.0016695857048034668,0.0004274722187252306,0.0042747221872523064,0.025094056340981902,0.017034799512548802,3.406959902509761e-05,125.47028170490948,12.547028170490949
0.125,0.01,0.015848931924611134,0.002,5.5029988288879395e-05,1.4208524559064793e-05,0.00014208524559064794,0.0007494262532936068,0.01895920311921371,3.791840623842742e-05,3.7471312664680343,0.3747131266468034
0.125,0.015848931924611134,0.025118864315095794,0.002,8.723139762878418e-05,2.251506282531989e-05,0.0002251506282531989,0.0011886981159569788,0.0189409426355436,3.78818852710872e-05,5.943490579784894,0.5943490579784894
0.125,0.025118864315095794,0.039810717055349734,0.002,0.000138208270072937,3.566029033355227e-05,0.00035660290333552273,0.0018855890108475603,0.01891201641948645,3.78240328389729e-05,9.427945054237801,0.9427945054237802
0.125,0.039810717055349734,0.06309573444801933,0.002,0.00021873414516448975,5.640775395442323e-05,0.0005640775395442323,0.0029898778557134226,0.01886624025347137,3.773248050694274e-05,14.94938927856711,1.4949389278567111
0.125,0.06309573444801933,0.1,0.002,0.0003451108932495117,8.893034558436954e-05,0.0008893034558436955,0.004731851738615468,0.018793983940500726,3.758796788100145e-05,23.65925869307734,2.365925869307734
0.125,0.1,0.15848931924611143,0.002,0.0005401186645030975,0.00013902829612869646,0.0013902829612869646,0.007442363054909306,0.018680665684132056,3.736133136826411e-05,37.211815274546524,3.7211815274546525
0.125,0.15848931924611143,0.25118864315095807,0.002,0.0008284859359264374,0.00021294349167070577,0.002129434916707058,0.011506893608324851,0.018505732208790763,3.701146441758153e-05,57.53446804162426,5.753446804162426
0.125,0.25118864315095807,0.3981071705534973,0.002,0.0012137740850448608,0.00031142790130743133,0.0031142790130743135,0.01706904812508688,0.01824518268536115,3.6490365370722296e-05,85.34524062543441,8.53452406254344
0.125,0.3981071705534973,0.6309573444801934,0.002,0.0016248300671577454,0.0004161919462613266,0.004161919462613266,0.023272047532168754,0.017883770032955975,3.576754006591195e-05,116.36023766084377,11.636023766084376
0.125,0.6309573444801934,1.0,0.002,0.0018972568213939667,0.0004857636697287636,0.004857636697287636,0.027859908517310857,0.017435939153458903,3.487187830691781e-05,139.29954258655428,13.92995425865543
0.14,0.01,0.015848931924611134,0.002,6.163865327835083e-05,1.5913543754628328e-05,0.00015913543754628328,0.0008142608285730343,0.019543545748745273,3.908709149749055e-05,4.071304142865172,0.40713041428651714
0.14,0.015848931924611134,0.025118864315095794,0.002,9.769946336746216e-05,2.521704458871554e-05,0.0002521704458871554,0.0012916523812268013,0.01952308914939218,3.904617829878436e-05,6.458261906134007,0.6458261906134007
0.14,0.025118864315095794,0.039810717055349734,0.002,0.00015479326248168945,3.993929642948264e-05,0.0003993929642948264,0.0020491479895703743,0.01949068424182303,3.898136848364607e-05,10.24573994785187,1.024573994785187
0.14,0.039810717055349734,0.06309573444801933,0.002,0.00024497509002685547,6.317646105052219e-05,0.0006317646105052219,0.0032499177299585113,0.019439403178777917,3.887880635755584e-05,16.249588649792553,1.6249588649792552
0.14,0.06309573444801933,0.1,0.002,0.0003865286707878113,9.960225059256105e-05,0.0009960225059256105,0.005145154348533872,0.019358457267845235,3.871691453569047e-05,25.72577174266936,2.572577174266936
0.14,0.1,0.15848931924611143,0.002,0.0006049349904060364,0.00015571177987938904,0.0015571177987938904,0.008096700111043895,0.01923151132484186,3.8463022649683724e-05,40.48350055521948,4.048350055521948
0.14,0.15848931924611143,0.25118864315095807,0.002,0.0009279027581214905,0.0002384968272484392,0.002384968272484392,0.012529028071318308,0.019035540976591055,3.807108195318211e-05,62.64514035659153,6.264514035659153
0.14,0.25118864315095807,0.3981071705534973,0.002,0.0013594292104244232,0.0003487993467274618,0.003487993467274618,0.018608923801907092,0.0187436603234259,3.74873206468518e-05,93.04461900953545,9.304461900953546
0.14,0.3981071705534973,0.6309573444801934,0.002,0.0018198080360889435,0.00046613480096359476,0.0046613480096359475,0.025417966580100544,0.01833879195232426,3.6677583904648524e-05,127.08983290050267,12.708983290050268
0.14,0.6309573444801934,1.0,0.002,0.002124924212694168,0.0005440552018144416,0.005440552018144416,0.030501286318109656,0.017837123199994927,3.567424639998985e-05,152.5064315905483,15.250643159054828
0.155,0.01,0.015848931924611134,0.002,6.824731826782227e-05,1.761913897414757e-05,0.00017619138974147569,0.0008753555004167055,0.020127981106830457,4.0255962213660915e-05,4.376777502083527,0.4376777502083528
0.155,0.015848931924611134,0.025118864315095794,0.002,0.00010816752910614014,2.791862583077777e-05,0.00027918625830777773,0.0013886182935447912,0.0201053276919668,4.02106553839336e-05,6.9430914677239555,0.6943091467723955
0.155,0.025118864315095794,0.039810717055349734,0.002,0.0001713782548904419,4.4218534143547815e-05,0.00044218534143547814,0.002203276577750311,0.020069443205672263,4.013888641134453e-05,11.016382888751554,1.1016382888751555
0.155,0.039810717055349734,0.06309573444801933,0.002,0.0002712234854698181,6.994551800530722e-05,0.0006994551800530723,0.0034950643218454366,0.0200126554375901,4.00253108751802e-05,17.47532160922718,1.747532160922718
0.155,0.06309573444801933,0.1,0.002,0.0004279389977455139,0.00011027364718592445,0.0011027364718592446,0.005534987205328386,0.01992301754189548,3.9846035083790966e-05,27.674936026641923,2.767493602664192
0.155,0.1,0.15848931924611143,0.002,0.0006697475910186768,0.00017239516240289315,0.0017239516240289314,0.008714554912555003,0.019782440311957243,3.9564880623914484e-05,43.572774562775024,4.357277456277503
0.155,0.15848931924611143,0.25118864315095807,0.002,0.001027323305606842,0.0002640500812305425,0.0026405008123054252,0.013495748323250567,0.01956542719277265,3.91308543855453e-05,67.47874161625283,6.747874161625283
0.155,0.25118864315095807,0.3981071705534973,0.002,0.0015050843358039856,0.0003861705536945939,0.003861705536945939,0.020068932894823224,0.019242206634424816,3.8484413268849636e-05,100.34466447411612,10.034466447411612
0.155,0.3981071705534973,0.6309573444801934,0.002,0.0020147860050201416,0.0005160778504817849,0.005160778504817849,0.027459902751130465,0.01879387029003732,3.7587740580074646e-05,137.2995137556523,13.72995137556523
0.155,0.6309573444801934,1.0,0.002,0.002352595329284668,0.0006023470388786423,0.006023470388786424,0.03302640192486843,0.018238348829185756,3.647669765837151e-05,165.13200962434217,16.513200962434215
0.17,0.01,0.015848931924611134,0.002,7.484853267669678e-05,1.932392185154003e-05,0.0001932392185154003,0.0009329593510780786,0.020712501385200036,4.142500277040007e-05,4.664796755390393,0.46647967553903935
0.17,0.015848931924611134,0.025118864315095794,0.002,0.00011863559484481812,3.0620398970148106e-05,0.00030620398970148104,0.001480129334478396,0.020687650907843715,4.137530181568743e-05,7.40064667239198,0.7400646672391981
0.17,0.025118864315095794,0.039810717055349734,0.002,0.0001879557967185974,4.8497601522263755e-05,0.0004849760152226376,0.0023487470888984272,0.020648285952749958,4.129657190549992e-05,11.743735444492136,1.1743735444492136
0.17,0.039810717055349734,0.06309573444801933,0.002,0.0002974793314933777,7.67146861405671e-05,0.0007671468614056711,0.003726548279820985,0.020585990138910076,4.1171980277820156e-05,18.632741399104926,1.8632741399104924
0.17,0.06309573444801933,0.1,0.002,0.00046934932470321655,0.00012094524007472602,0.0012094524007472604,0.005903321906890278,0.0204876579631479,4.0975315926295805e-05,29.516609534451383,2.951660953445138
0.17,0.1,0.15848931924611143,0.002,0.0007345601916313171,0.00018907851211490148,0.0018907851211490147,0.009298891714538458,0.020333445954563007,4.0666891909126016e-05,46.49445857269229,4.649445857269229
0.17,0.15848931924611143,0.25118864315095807,0.002,0.0011267438530921936,0.0002896034930310674,0.0028960349303106736,0.014411443127761759,0.02009538465118626,4.019076930237252e-05,72.0572156388088,7.205721563880881
0.17,0.25118864315095807,0.3981071705534973,0.002,0.0016507357358932495,0.00042354204988596895,0.00423542049885969,0.021455144068039406,0.01974081593406297,3.948163186812594e-05,107.27572034019704,10.727572034019703
0.17,0.3981071705534973,0.6309573444801934,0.002,0.002209767699241638,0.0005660207162333637,0.0056602071623336365,0.02940520034089337,0.019249000505744122,3.8498001011488246e-05,147.02600170446684,14.702600170446685
0.17,0.6309573444801934,1.0,0.002,0.002580266445875168,0.0006606386097095961,0.006606386097095961,0.03544272083218159,0.018639613274547016,3.727922654909403e-05,177.21360416090798,17.721360416090796
0.185,0.01,0.015848931924611134,0.002,8.145719766616821e-05,2.102933260003886e-05,0.0002102933260003886,0.000987427063156959,0.021297099689373298,4.25941993787466e-05,4.937135315784794,0.4937135315784795
0.185,0.015848931924611134,0.025118864315095794,0.002,0.00012909621000289917,3.33219145118597e-05,0.00033321914511859704,0.0015666118411608644,0.021270051480759944,4.254010296151989e-05,7.833059205804322,0.7833059205804321
0.185,0.025118864315095794,0.039810717055349734,0.002,0.00020454823970794678,5.277725095981402e-05,0.0005277725095981402,0.002486302392584741,0.021227205153009243,4.245441030601849e-05,12.431511962923704,1.2431511962923703
0.185,0.039810717055349734,0.06309573444801933,0.002,0.0003237202763557434,8.348311251542731e-05,0.0008348311251542731,0.003945438523636099,0.02115940015673838,4.231880031347676e-05,19.727192618180492,1.9727192618180494
0.185,0.06309573444801933,0.1,0.002,0.0005107671022415161,0.00013161703716028228,0.0013161703716028227,0.006251886346228364,0.021052372015637196,4.210474403127439e-05,31.259431731141817,3.125943173114182
0.185,0.1,0.15848931924611143,0.002,0.0007993802428245544,0.00020576236792258675,0.0020576236792258676,0.009852385870971904,0.020884521842452868,4.1769043684905736e-05,49.26192935485952,4.926192935485952
0.185,0.15848931924611143,0.25118864315095807,0.002,0.0012261569499969482,0.0003151561603919758,0.0031515616039197586,0.015279996643135438,0.020625407698211785,4.125081539642357e-05,76.39998321567718,7.639998321567717
0.185,0.25118864315095807,0.3981071705534973,0.002,0.0017963871359825134,0.00046091347930282,0.0046091347930282,0.02277298566889905,0.020239484009876105,4.0478968019752214e-05,113.86492834449524,11.386492834449523
0.185,0.3981071705534973,0.6309573444801934,0.002,0.0024047493934631348,0.0006159638860483196,0.006159638860483196,0.031260570414171004,0.01970417935077383,3.940835870154766e-05,156.30285207085504,15.630285207085503
0.185,0.6309573444801934,1.0,0.002,0.0028079375624656677,0.0007189302761599506,0.007189302761599506,0.03775713056002979,0.01904091400740659,3.808182801481318e-05,188.78565280014897,18.878565280014893
0.2,0.01,0.015848931924611134,0.002,8.805841207504272e-05,2.2734265528868088e-05,0.00022734265528868088,0.0010389591861831714,0.02188176959326675,4.37635391865335e-05,5.1947959309158565,0.5194795930915856
0.2,0.015848931924611134,0.025118864315095794,0.002,0.00013956427574157715,3.602378119935885e-05,0.0003602378119935885,0.001648495265924426,0.02185252329442257,4.3705046588845136e-05,8.24247632962213,0.824247632962213
0.2,0.025118864315095794,0.039810717055349734,0.002,0.00022113323211669922,5.705602872696158e-05,0.0005705602872696159,0.002616505460239965,0.02180619516908207,4.3612390338164144e-05,13.082527301199825,1.3082527301199824
0.2,0.039810717055349734,0.06309573444801933,0.002,0.00034996867179870605,9.025292197115249e-05,0.0009025292197115249,0.004152828497516482,0.021732879656630774,4.346575931326155e-05,20.764142487582408,2.076414248758241
0.2,0.06309573444801933,0.1,0.002,0.0005521774291992188,0.0001422882562611082,0.001422882562611082,0.006582192086659096,0.021617153432744778,4.3234306865489555e-05,32.91096043329548,3.291096043329548
0.2,0.1,0.15848931924611143,0.002,0.0008641928434371948,0.000222445380606516,0.00222445380606516,0.010377350133765612,0.02143566302949803,4.2871326058996063e-05,51.886750668828064,5.188675066882806
0.2,0.15848931924611143,0.25118864315095807,0.002,0.0013255774974822998,0.00034070998312270837,0.003407099831227084,0.016105037366832442,0.021155491624278024,4.231098324855605e-05,80.52518683416223,8.052518683416222
0.2,0.25118864315095807,0.3981071705534973,0.002,0.0019420385360717773,0.0004982843990485523,0.004982843990485523,0.02402736256679499,0.02073820618735594,4.147641237471188e-05,120.13681283397494,12.013681283397494
0.2,0.3981071705534973,0.6309573444801934,0.002,0.0025997310876846313,0.0006659071545412317,0.006659071545412317,0.033032086373644604,0.020159403405790942,4.031880681158188e-05,165.16043186822304,16.516043186822305
0.2,0.6309573444801934,1.0,0.002,0.003035604953765869,0.0007772218048204324,0.007772218048204325,0.03997592108286724,0.019442248827970892,3.888449765594179e-05,199.8796054143362,19.98796054143362
