state_id,recovery_alias_margin_grid_verified,recovery_alias_margin_refined,refined_minus_grid_margin,alias_source_refined,alias_trigger_refined,alias_a1_refined,alias_m_refined,alias_gamma_refined,alias_delta_a1_refined,alias_delta_m_refined,alias_gamma_factor_refined
36954,0.014603286289623823,0.009256084156773382,-0.005347202132850441,continuous_direct_verified,gamma_low,0.15994338684265694,0.9642841046432064,0.26265879372843937,0.004015481727968867,0.02543589377198674,1.1999999999999997
43235,0.004510798278619541,0.0037391980635967273,-0.0007716002150228141,continuous_direct_verified,gamma_low,0.06495451664079595,0.400128450979821,0.01638067131931946,0.0001344447723342218,2.9703300374883668e-09,1.2
27020,0.0032180527968161524,0.003218048730399147,-4.066417005638839e-09,continuous_direct_verified,gamma_high,0.05411051258875282,1.1279999983514626,0.028840315028718703,0.0001427668934896667,0.0005501906369846932,1.2336081071806317
20403,0.05388157794318805,0.053881514066630345,-6.387655770295764e-08,continuous_direct_verified,m_high,0.05,0.6079999821093295,0.9549926257750336,0.00036928723566233973,0.03667188452746606,1.0281376892627676
23933,0.09699321128840599,0.07158181487098918,-0.025411396417416812,continuous_direct_verified,gamma_high,0.2,0.5914347231662525,0.01342046904575745,4.395749419927597e-05,0.008851189883922306,1.2000000000000002
47612,0.04750654125113612,0.047506517405316584,-2.3845819534240587e-08,continuous_direct_verified,m_low,0.0620483979355337,1.1600000147851564,1.0,0.00016285243855995724,0.03324182656086894,1.0066583854245137
14890,0.006923688595766442,0.003793263988848228,-0.003130424606918214,continuous_direct_verified,gamma_high,0.17316362940314495,1.1872218139241897,0.020841527216212814,0.00074951042029342,0.0032218054164683263,1.8207558177582563
15581,0.01265331325781952,0.0031037124914238823,-0.009549600766395638,continuous_direct_verified,a1_low,0.19021439611227214,0.4249364644346416,0.5733606470522816,0.005067161253979824,0.018872844433563962,1.087221246047365
26351,0.0038858537611476717,0.0032120236376288903,-0.0006738301235187814,continuous_direct_verified,gamma_high,0.11658372835809408,0.7798565685156933,0.01983214765861941,0.0005104915573638374,0.003856560647095053,1.9134252419611135
47023,0.00814560889204649,0.003228799389991425,-0.004916809502055065,continuous_direct_verified,gamma_low,0.1166134101405126,0.5352195647301105,0.1571705982094735,0.0020476219177859994,0.012403231555404903,1.2
44908,0.004014072172902826,0.00401407152225184,-6.506509862141963e-10,continuous_direct_verified,gamma_low,0.05585217708721799,0.824000000736379,0.08317637712383356,0.001137362187727864,0.016288514963054057,1.503973452677883
43296,0.0076182989329225265,0.005022222765756169,-0.0025960761671663573,continuous_direct_verified,gamma_high,0.11107275676419526,1.1881833376069824,0.14702790822772918,0.0012935945714780545,0.00976094066302391,1.1999999999999997
13149,0.00778299373655609,0.003190091845214398,-0.004592901891341691,continuous_direct_verified,gamma_low,0.19236874134764353,0.656897962848305,0.08015304692809655,0.0015481410406502083,0.006135508427976943,1.2000000000000002
17054,0.04875857894246385,0.0359845831160697,-0.012773995826394144,continuous_direct_verified,m_low,0.13222702619429044,1.1641224232316016,1.0,0.0011941237262945437,0.030000000000000027,1.0355337944637404
15282,0.012519280933160503,0.005618754699017004,-0.006900526234143499,continuous_direct_verified,gamma_high,0.18762277907483713,1.1909789797057906,0.10489245827358819,0.0015526448169393692,0.006474005789538273,1.2
29137,0.0037602603641133433,0.003760254996511105,-5.3676022381161925e-09,continuous_direct_verified,gamma_high,0.14563915422588353,0.4719999974899892,0.05495408736921148,0.0021904707926488354,0.009132465875804019,1.988090813388287
21704,0.007426855194378592,0.0032554094996790424,-0.004171445694699549,continuous_direct_verified,m_low,0.0970753650194085,0.8397895437479019,0.6969394316440224,0.0022131051415628378,0.030000000000000027,1.092773613057773
25858,0.1178083899400303,0.0707777071073291,-0.047030682832701204,continuous_direct_verified,m_low,0.2,1.1562529709935188,0.8821571293412902,0.0013538816012442223,0.030000000000000027,1.0305459882712584
10890,0.006335146189942208,0.006107933271354168,-0.0002272129185880399,continuous_direct_verified,gamma_high,0.17872609570252387,0.884040324945319,0.0403795006580505,0.0011132263075807336,0.004040348719489217,1.4894306995952258
46985,0.017096297349091565,0.0031069765302237508,-0.013989320818867813,continuous_direct_verified,m_high,0.14103827861602786,0.6675678606331349,0.8702097172931395,0.0033936026180219625,0.030000000000000027,1.083459120051752
39456,0.005688018069503171,0.0032652560460826293,-0.0024227620234205417,continuous_direct_verified,gamma_high,0.11083681528150544,1.1916495142571506,0.013856929577918932,0.00012531639702124953,3.904861323178466e-09,1.2000000000000002
17728,0.00544310762624569,0.0054430796215472355,-2.800469845430642e-08,continuous_direct_verified,gamma_low,0.11032815669829883,0.872000006371718,0.052480746061995924,0.0006459530798818974,0.0035394599377923663,1.2326587581910258
39907,0.004275555270337168,0.0042755479578420125,-7.312495155405163e-09,continuous_direct_verified,gamma_low,0.062452682468427646,0.42399999743640837,0.16595869060460436,0.001813235564769887,0.017567651926879257,1.263101376973736
38397,0.018139005411876703,0.004424747578300776,-0.013714257833575928,continuous_direct_verified,m_high,0.19356455127597405,0.8000512483716011,0.7977886033724987,0.00431451080478179,0.030000000000000027,1.0803426571746853
39660,0.004944439836980139,0.004944438739589725,-1.0973904137831503e-09,continuous_direct_verified,gamma_high,0.05633272521721043,1.1839999989629915,0.16595869066356905,0.0010533072292975357,0.01503824656594488,1.3100512080574858
1831,0.0033472754651115324,0.003134393936211221,-0.0002128815289003114,continuous_direct_verified,gamma_high,0.09787951051629525,0.5961871557268222,0.04364112492486431,0.0006611416619215355,0.0041871621874253195,1.4430630581603945
31222,0.006170233204398927,0.005654774426915978,-0.0005154587774829494,continuous_direct_verified,gamma_high,0.1467856979798778,1.0756664016808466,0.04851767006903777,0.0008840896990402747,0.0036664171551270552,1.3591935611466317
40777,0.006413961617261142,0.0037629385103466187,-0.002651023106914523,continuous_direct_verified,gamma_low,0.14601607183612184,0.754265354014379,0.10537515809511457,0.0015089873162727196,0.008484502322417709,1.1999999999999997
38655,0.00712286777230489,0.0029189771587893633,-0.004203890613515527,continuous_direct_verified,m_high,0.10940486896688402,0.449959694892168,0.6641618519231053,0.004172063005172616,0.02999999999999997,1.1230928656606547
8075,0.007886996550005668,0.0038072230148025587,-0.004079773535203109,continuous_direct_verified,gamma_low,0.07640242999522791,0.6664031698018686,0.2565095513762269,0.002003387230347542,0.022788278630413217,1.1999999999999997
47845,0.009031423151236184,0.00400147584224862,-0.005029947308987564,continuous_direct_verified,gamma_low,0.16398190822479153,0.4919352937664646,0.16573302182854324,0.0031929995023755042,0.012890506180729289,1.1999999999999997
588,0.038658783737255877,0.03860098780521563,-5.779593204024991e-05,continuous_direct_verified,m_low,0.05011702127615197,0.8480346922576427,1.0,6.6941360479425e-05,0.030000000000000027,1.0144771156214518
3974,0.022783926699349012,0.010845576300610532,-0.01193835039873848,continuous_direct_verified,gamma_high,0.15809648917479815,1.1708599273737406,0.33353106149586503,0.004098955266684301,0.027476015252258845,1.2
33858,0.00997918311161992,0.0050435272788167205,-0.0049356558328032,continuous_direct_verified,gamma_low,0.19366710398166526,0.9048113356823164,0.09818327549121617,0.0018170202355171639,0.007893839805765746,1.2000000000000002
10708,0.005796028454730588,0.005796026053773884,-2.4009567042848623e-09,continuous_direct_verified,gamma_low,0.08160483990172411,1.024000001792812,0.09120108397557895,0.0014116325943682173,0.013780625258588364,1.3960940141585
3926,0.005114586531941373,0.004081821652345911,-0.0010327648795954618,continuous_direct_verified,gamma_high,0.14993002588179083,0.984004656817007,0.012067997050266614,0.00014745757233469714,7.604074481193379e-09,1.2000000000000002
28968,0.003952655754546217,0.002772883754627163,-0.0011797719999190543,continuous_direct_verified,gamma_high,0.0880268023660778,0.9799160141109904,0.02095315157470566,0.00039697129599738923,0.003916009926847597,1.8964084921572395
35033,0.004854968217776839,0.0037924482967282786,-0.0010625199210485608,continuous_direct_verified,gamma_high,0.15878498142754516,0.699972596664293,0.020054371384003636,0.000743420917371701,0.003972582619325871,1.9814001564671417
5080,0.004780204907887813,0.004780204028292909,-8.795949038575834e-10,continuous_direct_verified,gamma_high,0.09862647111293332,1.0799999989742803,0.06309573443503384,0.0010836731525923349,0.008100052160544324,1.59747304525791
27632,0.013680423517916224,0.007477053227027681,-0.006203370290888543,continuous_direct_verified,m_low,0.12694916724111366,0.9704294075071811,0.40498545758311205,0.0033636122837238103,0.030000000000000027,1.1687205262920828
13160,0.010532230729962297,0.00582566576020403,-0.0047065649697582675,continuous_direct_verified,m_low,0.09235225876994926,1.126170129776001,0.43513536955474524,0.002350553481062223,0.030000000000000027,1.1493004846851678
6407,0.003102332115739476,0.0031023321157364514,-3.024490380365563e-15,continuous_direct_verified,gamma_low,0.10103529387577909,0.41600000000000004,0.03311311214825911,0.002258725990955668,0.011967394113540641,2.0851362651292495
27889,0.004495598889541992,0.004495587900557766,-1.0988984226051324e-08,continuous_direct_verified,gamma_high,0.13850979611658032,0.7039999961460012,0.05248074600047932,0.0014584044218855508,0.0076294593906027774,1.7162611927842077
22652,0.002793432447712568,0.0027934315968270226,-8.50885545616159e-10,continuous_direct_verified,gamma_high,0.06370090384686411,0.9199999992833454,0.06606934479277929,0.0006370130339455604,0.007568315686194205,1.4786650950687097
5189,0.01335687670472559,0.007299723558742554,-0.0060571531459830364,continuous_direct_verified,a1_high,0.17581990682009052,0.675916670876226,0.4234866008912497,0.005004499521585215,0.02827078042677922,1.166224093712887
40175,0.010424710519128251,0.00583674901239548,-0.004587961506732771,continuous_direct_verified,gamma_low,0.11283603845271539,0.7477372618081585,0.26415907003465067,0.002948200105547208,0.024327230608703232,1.2000000000000002
5762,0.02032070827777388,0.010755904976078269,-0.009564803301695611,continuous_direct_verified,a1_low,0.19474835225333215,1.0540471337230473,0.31431126285186317,0.005003022337809804,0.027590767243650616,1.173608333268743
29241,0.011174540565778875,0.0029388021862352563,-0.008235738379543618,continuous_direct_verified,a1_low,0.15106165252515305,0.42710913085007046,0.7542340743221128,0.005003189091745741,0.02606437095069264,1.1007815479529381
4846,0.008539043322846527,0.004110214935057578,-0.004428828387788949,continuous_direct_verified,gamma_low,0.13801942550071628,0.9676395426345485,0.09539347040144898,0.001252470086728047,0.007609366144003316,1.2000000000000002
20699,0.002981941323106824,0.0029819385622324238,-2.760874400192098e-09,continuous_direct_verified,gamma_high,0.07531388203478431,0.5440000013688219,0.1047128548329409,0.0012006482282189007,0.011660813423095884,1.4070178016379897
25270,0.010098623382209852,0.0032312339549667333,-0.006867389427243118,continuous_direct_verified,m_low,0.1507138154823857,0.870929519534111,0.9461293033039574,0.00297032281575374,0.030000000000000027,1.0702757087558155
46722,0.01630752177635216,0.0037977438225086663,-0.012509777953843495,continuous_direct_verified,gamma_low,0.1990659952908931,1.093099267814102,0.013204971239774856,0.0007049601245494863,0.0029007181858444753,1.5845965492053682
42175,0.0028667590907961124,0.002764119176923444,-0.00010263991387266837,continuous_direct_verified,gamma_high,0.11212823283516965,0.48406745542997476,0.023514515812611096,0.000648510173272096,0.0040674480307663075,1.852871091739615
9372,0.007113185497306415,0.004614312899960114,-0.002498872597346301,continuous_direct_verified,gamma_low,0.0647029926084279,0.9955243465066428,0.2650700199629924,0.001636697536677223,0.025786526924418962,1.2
3653,0.00407086519854067,0.00407086518379891,-1.4741759896130802e-11,continuous_direct_verified,gamma_high,0.1714788899045068,0.4,0.018197008579937543,0.0003530969597029532,0.0005212582647800557,1.224199822879738
39384,0.007664133126049566,0.00405698592683585,-0.0036071471992137156,continuous_direct_verified,gamma_low,0.09647924180500662,0.8658925194192341,0.14954884029573776,0.0013981597741648116,0.01285651436929014,1.2
13414,0.010728356098897695,0.004792700490382377,-0.005935655608515319,continuous_direct_verified,m_low,0.16424379078903995,1.0687515091896056,0.7434754982521418,0.0033741349377651997,0.030000000000000027,1.0793218068219272
30461,0.01381703851902657,0.006365235317000967,-0.007451803202025604,continuous_direct_verified,gamma_low,0.19398498085701635,0.5743960161650975,0.22639936070709535,0.004772628309188592,0.01900850580581026,1.2
1971,0.09933750222228316,0.06940571374973122,-0.029931788472551943,continuous_direct_verified,m_high,0.05,0.43302822440862654,0.6150334163376785,0.00033442103303969045,0.02999999999999997,1.0000000069159498
9474,0.012270783538808297,0.0039451268964006,-0.008325656642407697,continuous_direct_verified,gamma_high,0.19994282481043602,0.8575654578980432,0.025119595174587308,0.0012814222906436523,0.004864908230639897,2.228629312900818
7874,0.08296939101110579,0.08142097813385712,-0.0015484128772486616,continuous_direct_verified,gamma_low,0.1932064011363981,1.2,0.20950251908515305,0.004151246915877094,0.0057607471942902055,1.2
17588,0.0036270654845887294,0.0030280147466694124,-0.0005990507379193171,continuous_direct_verified,gamma_high,0.08307867305785269,0.7965971745327907,0.04097912350265298,0.0005622730074807958,0.004597178868870233,1.5368043487451635
11458,0.016609466757083507,0.009761742493177673,-0.006847724263905834,continuous_direct_verified,a1_low,0.19253098203241895,0.8646124608158474,0.27367033061415347,0.0050028216335915865,0.02583180063360979,1.1972969618975424
4254,0.005029661956960101,0.003760868067998475,-0.001268793888961626,continuous_direct_verified,gamma_low,0.13071086965985393,0.9325025352556797,0.014791818385291087,0.0007005485191961813,0.003497473420629116,1.7750182057702606
12749,0.014364811332859908,0.003608863521036728,-0.01075594781182318,continuous_direct_verified,m_low,0.19256018290027313,0.5414981004595756,0.9973386280573731,0.004969493874453806,0.030000000000000027,1.0887087542109926
14906,0.0076565483676633095,0.0027872992778073856,-0.004869249089855924,continuous_direct_verified,gamma_low,0.1689936499863626,0.8326169034762987,0.06008441100643156,0.0009656812709062101,0.004568716727078814,1.2000000000000002
46202,0.00788722920379902,0.003372285544693021,-0.004514943659105999,continuous_direct_verified,gamma_low,0.16656672311162177,1.008414110238341,0.06252119650872595,0.0009800678663182127,0.004669581795719857,1.2000000000000002
24822,0.01351350416405712,0.00736796544323686,-0.006145538720820259,continuous_direct_verified,m_low,0.14950539824506726,0.7794395063817501,0.4218945026372975,0.004194135646805985,0.030000000000000027,1.1696764492385705
36395,0.006522930239960619,0.00305586654058018,-0.003467063699380439,continuous_direct_verified,m_high,0.07953314188934463,0.44466628462076185,0.42126259460810217,0.003550537125472264,0.02999999999999997,1.178980457042939
6231,0.003973874339658568,0.003973874151035461,-1.8862310758455125e-10,continuous_direct_verified,gamma_low,0.08816256410803981,0.7520000004274735,0.04365158322698165,0.0012815152351897258,0.011159529636610488,1.6879184967621679
17193,0.012013683211083398,0.005826126993781251,-0.006187556217302147,continuous_direct_verified,gamma_low,0.1448402185646253,0.6125307456237804,0.2517734768340476,0.003845445280764803,0.0218083911222946,1.1999999999999997
29619,0.004174940753727679,0.004174938675310839,-2.078416839676467e-09,continuous_direct_verified,gamma_high,0.052378413202417665,0.5600000012818525,0.2754228705440549,0.0018441689947523363,0.029269717990999533,1.3233110291018235
1418,0.013474670323981358,0.008086557115133964,-0.005388113208847394,continuous_direct_verified,gamma_low,0.17388574145891394,1.0926152544118366,0.16245955615545027,0.0027151718254325163,0.014126121441265127,1.1999999999999997
45021,0.006267571090068009,0.0028403231180082356,-0.0034272479720597734,continuous_direct_verified,gamma_low,0.19220288438954483,0.48011866724738816,0.09718276509158556,0.002162916387905417,0.007089337619635816,1.2000000000000002
2483,0.0067064842552207946,0.0067064842552207946,0.0,verified_grid,m_low,0.05362586313269184,0.712,0.4570881896148752,0.0033760326855544823,0.06606570082902907,1.43323578693909
8856,0.04640031451663436,0.04113430417612809,-0.0052660103405062705,continuous_direct_verified,m_low,0.1001775686213008,1.162141702771187,1.0,0.0005159053069731939,0.030000000000000027,1.0253044221248624
18085,0.004964070034740418,0.0037615288776004577,-0.0012025411571399604,continuous_direct_verified,gamma_high,0.16565948243901252,0.6286217130415421,0.04184039670148242,0.0011502717965852782,0.0046217255599516616,1.505169647659577
36104,0.00727924683403832,0.00294607316233021,-0.00433317367170811,continuous_direct_verified,m_low,0.09589045146594036,1.0076983001828193,0.7683507230771289,0.0019680996529965328,0.030000000000000027,1.0784599115576003
35090,0.006385340764552651,0.0053127904776279255,-0.0010725502869247255,continuous_direct_verified,gamma_high,0.18244417952233294,1.0000637635107057,0.013805572502679825,0.00020531695195769029,1.2714145736225646e-08,1.2000000000000002
29308,0.0033929946503597217,0.003392994626655375,-2.3704346645281316e-11,continuous_direct_verified,gamma_low,0.06269945134607685,1.1599999998686334,0.03162277660204195,0.0006791772766636672,0.007831265496971218,1.728776185508048
45254,0.010518767016734116,0.0062004579117292905,-0.004318309105004825,continuous_direct_verified,gamma_high,0.15740642493902415,1.190715048850221,0.13742845276133187,0.0017127527141448662,0.008969377338247986,1.1999999999999997
1274,0.007716316566486564,0.006661863253759049,-0.0010544533127275152,continuous_direct_verified,gamma_high,0.1702669939450096,1.1722470022231044,0.05115042519171606,0.0012002572841118553,0.004247020980745475,1.4136177736998004
41066,0.012518298281357119,0.004539219363023439,-0.00797907891833368,continuous_direct_verified,m_low,0.17836691798043525,0.9083406624197959,0.8008973707142978,0.0037203902877596395,0.030000000000000027,1.078867562790908
9908,0.004432441655634654,0.0035900791178168287,-0.0008423625378178251,continuous_direct_verified,gamma_low,0.08258618348649471,1.144253322547079,0.015324329183030224,0.00012418456004234524,3.0452020904903065e-09,1.2000000000000002
15388,0.005184211306934397,0.004634064029432783,-0.0005501472775016145,continuous_direct_verified,gamma_low,0.060979259642090895,1.102518768316088,0.7940740074084627,0.003357261536393076,0.08383373663383509,1.2
31982,0.005880981991696062,0.0046880211887683244,-0.0011929608029277372,continuous_direct_verified,gamma_low,0.1392680425595905,1.1441527166459982,0.013394284221406682,0.00018283138718053205,7.549328051581483e-09,1.2000000000000002
39763,0.002848932639232903,0.002848932538938626,-1.0029427678984182e-10,continuous_direct_verified,gamma_low,0.05686046642471531,0.7200000002462515,0.03311311214911243,0.0008772121906610447,0.011560657568658317,1.9575323571894891
8409,0.003841528312374431,0.003766989349716221,-7.453896265820995e-05,continuous_direct_verified,gamma_high,0.15889858328339018,0.5321751920613614,0.023007046686908353,0.0008830288850918966,0.0041751766470107254,1.8937400872385375
6089,0.006376130413628354,0.002906505032190499,-0.0034696253814378544,continuous_direct_verified,gamma_low,0.1455956084687588,0.5603471099647692,0.10614294086422267,0.0016599477700564025,0.008098374238889594,1.2
8564,0.008024867816848868,0.004835817052035112,-0.0031890507648137554,continuous_direct_verified,gamma_low,0.07687427050847419,0.8564795975403072,0.27321034352501167,0.002024234007635642,0.026100124867368013,1.2
47991,0.002848426171629833,0.002746192519759379,-0.00010223365187045407,continuous_direct_verified,gamma_low,0.09173040042214559,0.45240003081136393,0.015212062999018214,0.000655057220230848,0.0035999751287047466,1.8254475595832558
17662,0.006430125342904985,0.005968616726673216,-0.00046150861623176897,continuous_direct_verified,gamma_high,0.1287563947500337,1.1880855119414067,0.051013669015636365,0.0009134456986237272,0.004085524510648142,1.417407366083691
42543,0.006723374499642155,0.003309772300652929,-0.0034136021989892257,continuous_direct_verified,gamma_low,0.1189038234788052,0.7924291954233984,0.10301977301705731,0.0011902582340815038,0.008305540759835583,1.2
30912,0.006915652490128243,0.0038520892465851407,-0.0030635632435431024,continuous_direct_verified,gamma_low,0.11146938230536671,0.9785868521052283,0.10602374229451275,0.0011268147484233965,0.008585906328527404,1.1999999999999997
24935,0.008928107770712396,0.0034853207612461196,-0.005442787009466276,continuous_direct_verified,m_low,0.1029974316712318,0.505408078879118,0.593366749751873,0.0034628156572429486,0.030000000000000027,1.1371945368982217
30088,0.009894979387173236,0.00632950280014381,-0.0035654765870294265,continuous_direct_verified,gamma_low,0.09073275333282772,1.036690849848903,0.265261976375169,0.002295357398565387,0.025902983584321415,1.1999999999999997
40578,0.011336801679008694,0.005944417277796889,-0.005392384401211804,continuous_direct_verified,gamma_low,0.19789947549595624,1.0575843449389049,0.10050716261088867,0.0018928202449610965,0.007970816985280127,1.2
44225,0.010518269797509075,0.0037092807907642984,-0.006808989006744776,continuous_direct_verified,m_low,0.12948148285904815,0.7049647119641304,0.7449277826606182,0.0031524425645350074,0.030000000000000027,1.0947393780032408
33085,0.018177500827977137,0.007242811296954246,-0.010934689531022891,continuous_direct_verified,a1_low,0.19232470808017474,0.7211191028945045,0.36973498122012166,0.005006182282907584,0.025678282289941734,1.1464777726955733
10079,0.007675280366079575,0.0034544634309195727,-0.004220816935160002,continuous_direct_verified,gamma_low,0.10521014622548637,0.42825235084697294,0.2668159294472556,0.00369344292072539,0.020983312586989877,1.2
17237,0.019737597032114793,0.0035926288238079507,-0.016144968208306843,continuous_direct_verified,m_low,0.1780227335378497,0.6679558639228343,0.9599170498551258,0.00402420030198683,0.030000000000000027,1.0803352300171123
38494,0.008638107270662249,0.004094092098801593,-0.004544015171860655,continuous_direct_verified,gamma_low,0.1317679327893145,1.1291072421914057,0.085026017247362,0.0010645096675418741,0.006418874973626698,1.2000000000000002
38704,0.005305708428262557,0.004491926035277069,-0.0008137823929854878,continuous_direct_verified,gamma_low,0.12176103533838305,1.0320591617305028,0.013158943855250434,0.00015695465135960596,6.325935109074976e-09,1.2000000000000002
26817,0.010050669055715281,0.004859891749641979,-0.005190777306073302,continuous_direct_verified,m_low,0.13059166006557088,0.5437483568489552,0.5156626845782365,0.0043214720468912615,0.030000000000000027,1.1538317852047835
28223,0.0034785326884914313,0.00347852490582267,-7.782668761183165e-09,continuous_direct_verified,gamma_high,0.11418139268352985,0.6960000027113485,0.06309573446748748,0.00104350996843873,0.007411706805891982,1.430085446629883
47948,0.005619080511030774,0.00561908034459547,-1.664353047742262e-10,continuous_direct_verified,gamma_high,0.052216569556828796,1.040000000428947,0.23988329193654345,0.0015677054775620064,0.029402960258928745,1.3646049110547431
41537,0.005713997191741856,0.0028786122762628065,-0.0028353849154790496,continuous_direct_verified,gamma_low,0.12427832116393601,0.6417095508603927,0.10439565745617524,0.0013243359977170438,0.008188590797650441,1.1999999999999997
24064,0.0126813641712828,0.005459734590588754,-0.007221629580694045,continuous_direct_verified,m_low,0.11685325100397193,1.1099244792759417,0.5442495851412141,0.00272231784028433,0.030000000000000027,1.1112937373658212
40180,0.00566955935589752,0.005669554295040537,-5.0608569826179894e-09,continuous_direct_verified,gamma_high,0.08130623570275916,1.151999997453539,0.13182567374355406,0.001110514324209222,0.01022198264137053,1.2785316708785022
36106,0.01203784005426016,0.00658344953491407,-0.0054543905193460895,continuous_direct_verified,gamma_low,0.17587382017289946,0.8361243715024635,0.16329146260980806,0.002799047188556697,0.014203736696307478,1.2
38275,0.006083626482440125,0.0038345209429194523,-0.002249105539520673,continuous_direct_verified,gamma_low,0.06022062626839193,0.7666701571482855,0.7741670212702376,0.003249104561428115,0.06932630850259835,1.2
28145,0.010771980213934851,0.004604594824997693,-0.006167385388937159,continuous_direct_verified,gamma_low,0.13351671117291167,0.4839702008952566,0.265043081195345,0.004225034323257076,0.021517144023365575,1.2
40444,0.007071976248040921,0.00537607300483035,-0.001695903243210571,continuous_direct_verified,gamma_low,0.05996636632067197,1.1349746766577284,0.39485811183342234,0.0021702655574209195,0.04212008668880873,1.2
11138,0.00869275334468719,0.0028344694434695966,-0.0058582839012175925,continuous_direct_verified,gamma_low,0.19850580479043212,0.9611034139259929,0.04747366776484882,0.0008826234747967843,0.003485560344087535,1.2000000000000002
27397,0.01017739733367467,0.004851411578733319,-0.005325985754941352,continuous_direct_verified,gamma_low,0.16651763670953995,0.6637245662671941,0.1483729081362239,0.00252644953441733,0.01222639159983574,1.2
28909,0.005501842148591547,0.0030325148379627617,-0.002469327310628785,continuous_direct_verified,gamma_high,0.1830944448802017,0.7082150033635841,0.02525811492134513,0.0009778583514832295,0.0042149947064175075,1.8062601946807726
19886,0.012454309710153669,0.0070691340512639075,-0.005385175658889761,continuous_direct_verified,gamma_low,0.139839935351764,1.0635457293097907,0.1730813027591271,0.002326041969801157,0.015329243332617981,1.1999999999999997
16571,0.004058597802363088,0.00405859017395436,-7.628408727616831e-09,continuous_direct_verified,gamma_low,0.07224423870981919,0.7119999973700262,0.10471285474617066,0.0008276789954186764,0.010247104488394276,1.2216316640829787
24448,0.004994003275386475,0.0049940028978616,-3.7752487507675125e-10,continuous_direct_verified,gamma_low,0.11430596670084149,1.024000000713643,0.03801893963631056,0.0012464150046512523,0.008235879747446884,1.610893421344024
25511,0.0072901122782591905,0.0035819976767198177,-0.0037081146015393728,continuous_direct_verified,gamma_low,0.0971294124457175,0.6691284687350771,0.1688101038040415,0.001677834164804784,0.014187827063657954,1.2
28546,0.020910216776722924,0.00538460542038276,-0.015525611356340164,continuous_direct_verified,m_high,0.1950032078930646,1.0019551220536231,0.6935859301137213,0.004174207915598166,0.029999999999999916,1.0814252292383868
35265,0.003786824956630418,0.0037868202435456335,-4.713084784425947e-09,continuous_direct_verified,gamma_high,0.12840076816520987,0.5759999977248234,0.054954087369954385,0.0016184441863685561,0.008622062782712603,1.8277352745441249
35982,0.010678574505437246,0.004469567594123764,-0.006209006911313482,continuous_direct_verified,m_low,0.1414326735211872,0.981439350247383,0.708014228895497,0.003026601290177594,0.030000000000000027,1.0857930908966003
45670,0.008335671855220776,0.004709679309591593,-0.0036259925456291822,continuous_direct_verified,gamma_low,0.15971195610781388,0.9087478087322971,0.10552796826141644,0.0016129256544522852,0.008581943907048362,1.1999999999999997
42934,0.005178046028132046,0.004971318373349435,-0.00020672765478261038,continuous_direct_verified,gamma_high,0.14904076568844243,0.835736226164191,0.04320379020952567,0.0008568297146491488,0.003736242033154813,1.3920646234802658
15795,0.0034254062074326286,0.0034254051353804593,-1.0720521692597629e-09,continuous_direct_verified,gamma_high,0.05157712308855314,0.5199999991429178,0.1513561247983247,0.0015381776930536717,0.02043368782874655,1.575948209457493
32957,0.007717154895132614,0.0028372179654731363,-0.0048799369296594775,continuous_direct_verified,gamma_low,0.19531448394092082,0.7772023617632262,0.058841533636847576,0.0011027249131882466,0.004454772860514433,1.2000000000000002
12604,0.00386222425824371,0.003862223613433143,-6.448105669201731e-10,continuous_direct_verified,gamma_low,0.060624119385244986,1.0479999992704363,0.04570881895971253,0.0008180887185906052,0.01089288850187975,1.6282481291786421
40752,0.008708610472201743,0.003173182264649783,-0.00553542820755196,continuous_direct_verified,m_low,0.12442601971164274,0.8326337833702564,0.8472428449396808,0.0026271664614223172,0.030000000000000027,1.0782746300209656
23207,0.0038950186295644115,0.0038950173211789105,-1.3083855010705137e-09,continuous_direct_verified,gamma_low,0.09668292068455435,0.6319999988618732,0.041686938344281846,0.0015118746501573271,0.011602100307071206,1.7449474536647647
626,0.007246568510254296,0.0031622437734062227,-0.004084324736848074,continuous_direct_verified,gamma_low,0.18876636786515757,1.083651058686517,0.04959247490386016,0.0008778298819537567,0.0035295638568622056,1.2000000000000002
19230,0.009092232376718795,0.005535074509419044,-0.003557157867299751,continuous_direct_verified,gamma_low,0.12805215748878843,0.8454222039669944,0.17457845691699134,0.002177155856837587,0.015395660081524931,1.2
27962,0.006321651548540267,0.006321625436787797,-2.6111752470317495e-08,continuous_direct_verified,gamma_low,0.16887366737312826,1.0159999925354957,0.01,0.0014021352112367769,0.006641477690124464,2.8012915073977926
44388,0.005209915555227356,0.0052099123266740105,-3.2285533456757887e-09,continuous_direct_verified,gamma_low,0.0752508638290319,0.8879999980463518,0.08709635896955875,0.001327848680913138,0.015512817366315268,1.4232393127803364
4388,0.0063563648263551134,0.002821273051103,-0.0035350917752521136,continuous_direct_verified,m_low,0.07619461803413521,0.9097666066884994,0.6710258017135983,0.0017029579234827674,0.030000000000000027,1.0929677685730341
28458,0.023534436589285102,0.013242567123766761,-0.010291869465518341,continuous_direct_verified,m_low,0.17556038656586445,1.1626847457885743,1.0,0.0026830991202745347,0.030000000000000027,1.0524648923746267
36626,0.016873800737821108,0.010086722021021878,-0.0067870787167992296,continuous_direct_verified,m_low,0.1869062850411566,1.0897107285261154,0.42672862950420254,0.004788465953576765,0.030000000000000027,1.1537148020278623
31957,0.01268441052187645,0.006374613639554914,-0.0063097968823215365,continuous_direct_verified,gamma_low,0.1684188988642913,0.5953748193110001,0.254140430050281,0.004565444204382929,0.02183720138917089,1.1999999999999997
37333,0.0121650876714384,0.0033394719798480557,-0.008825615691590344,continuous_direct_verified,a1_high,0.1772789248730946,0.4061886537140238,0.5498272492385522,0.0050468754954594575,0.019894949787296112,1.1028936024744902
34542,0.013647339377332663,0.006025080889929304,-0.007622258487403359,continuous_direct_verified,m_low,0.14241506484177863,1.1311879847943782,0.5749425211224698,0.0032428972779676712,0.030000000000000027,1.1037861828886397
44870,0.009311025197762425,0.005240861991444233,-0.0040701632063181925,continuous_direct_verified,gamma_low,0.15516949020702925,1.0901688287789426,0.10253845077690062,0.0015160017236641732,0.008096083515366281,1.1999999999999997
15136,0.00414379916021659,0.004143773566762501,-2.559345408867375e-08,continuous_direct_verified,gamma_high,0.11038642581048133,0.879999994659764,0.019054607175864317,0.0001943562595051601,0.0004349907990869317,1.2366255689651449
25578,0.01679596381100667,0.009883520471636398,-0.0069124433393702705,continuous_direct_verified,gamma_high,0.17903436804551998,1.1806314449383102,0.23457754273352122,0.0033212019632420375,0.01755695085989606,1.1999999999999997
32821,0.008332678232444664,0.003994662284980196,-0.004338015947464468,continuous_direct_verified,gamma_low,0.17743718909456996,0.760193384044583,0.09537237293000136,0.0016521321480754692,0.007591787331516886,1.2000000000000002
10406,0.006205418267480114,0.006205341913733709,-7.635374640532766e-08,continuous_direct_verified,gamma_high,0.159398117866906,0.9279999875770187,0.02511886429975333,0.00036989852839952597,0.0007246768726729691,1.2385154391273763
35665,0.013103306996741958,0.006301560995902279,-0.006801746000839679,continuous_direct_verified,gamma_low,0.13818187069977222,0.715087298653802,0.24425128288798462,0.003386324933818019,0.02198011388607901,1.2
25016,0.010966006396956569,0.007058588101674835,-0.003907418295281733,continuous_direct_verified,gamma_low,0.10380154250540555,1.1321367343135487,0.2329972437811545,0.002323711026676306,0.022054834402383428,1.2
20296,0.007293805838921103,0.004236978897164914,-0.003056826941756189,continuous_direct_verified,gamma_high,0.09715367416974753,1.086427078568604,0.14814171978324173,0.0011340807763174088,0.010123430019948199,1.2
5921,0.003027525397487758,0.0029061335917419445,-0.0001213918057458136,continuous_direct_verified,gamma_high,0.13407375246839295,0.45213716156937067,0.02468445351648598,0.0008428295850164413,0.004137151910291292,1.8482372942296408
21538,0.008980186887805717,0.005654579630009233,-0.003325607257796484,continuous_direct_verified,gamma_high,0.19541317024609003,1.1959962261723527,0.039096967612725686,0.001252255731876234,0.0039962390554897365,1.5382898377788041
14461,0.009169217655510787,0.008018145507330267,-0.0011510721481805194,continuous_direct_verified,gamma_low,0.19890971604226518,0.7759828008677349,0.014932680128904356,0.0002972688856126282,2.3093400858265056e-08,1.2000000000000002
45694,0.0046886886919981705,0.00468868815742572,-5.345724505417815e-10,continuous_direct_verified,gamma_low,0.1281513513073727,0.8399999991485367,0.018197008586057373,0.0013886844731465509,0.008382837516952568,2.2674198663976886
34576,0.005771783038400869,0.005771778950305458,-4.088095411670933e-09,continuous_direct_verified,gamma_low,0.11446675153203942,1.1679999974827489,0.04570881895580026,0.0012333355123486517,0.008361936108323142,1.5006626799953342
11200,0.01091945797283099,0.006063801648986917,-0.004855656323844073,continuous_direct_verified,gamma_low,0.11037661780730085,0.8760837200057017,0.23115107411394864,0.0024696415929476856,0.021537716216992076,1.1999999999999997
4697,0.004871577952395751,0.004228645257940127,-0.0006429326944556238,continuous_direct_verified,gamma_high,0.16033115622550514,0.4,0.03439552994050497,0.0005699971500810475,0.0012740723788738362,1.2000000000000002
43833,0.005089133611004779,0.002797628316430849,-0.00229150529457393,continuous_direct_verified,gamma_high,0.15636865671985595,0.7320547399281663,0.034191809190300175,0.0008836530920192098,0.0040547455490427264,1.5320014087304314
25862,0.0053488238680555475,0.0038031900375374585,-0.001545633830518089,continuous_direct_verified,gamma_high,0.15520221425374772,0.8679287053273236,0.021213700568610886,0.0007033599742295726,0.003928693421074159,1.8731165958824931
42255,0.003070386576597813,0.0030703785986536513,-7.977944161633582e-09,continuous_direct_verified,gamma_high,0.12484996012499959,0.43199999734687144,0.054954087369710365,0.0017926257205608392,0.00800415918303199,1.815919204236962
43382,0.013732664714045866,0.008045668911974604,-0.005686995802071262,continuous_direct_verified,m_low,0.1475925686280465,0.9863599595427512,0.4271695508281728,0.0038240844360774573,0.030000000000000027,1.1560876451370816
11646,0.010104777268567603,0.006124759588573255,-0.003980017679994348,continuous_direct_verified,gamma_low,0.1266394231437961,0.9653626145151643,0.17504988642551061,0.0021339365777304498,0.015588170411923286,1.2
42059,0.005945761859279105,0.0033335667532822747,-0.0026121951059968306,continuous_direct_verified,gamma_low,0.08082973113116151,0.794308909409623,0.1536205573006221,0.0012185238411622779,0.013143363230805227,1.2
20317,0.019837738024415113,0.0047797447805264185,-0.015057993243888694,continuous_direct_verified,a1_high,0.19918885772768402,0.5330030432882753,0.5638633259259442,0.005154962853528455,0.023614813482478514,1.1083157052619101
16634,0.017580140821666167,0.0076260496201047395,-0.009954091201561427,continuous_direct_verified,m_low,0.17319020562071966,1.160783607959747,0.53918608362197,0.00404038110945984,0.030000000000000027,1.1116928945846307
41678,0.004751113739189393,0.004751068949891389,-4.4789298003951317e-08,continuous_direct_verified,gamma_high,0.13621435096878157,0.8959999920257189,0.017378008282853276,0.00019494533929570457,0.00019405769027680542,1.2036950380579488
24646,0.006927972088703769,0.004193457034893776,-0.0027345150538099936,continuous_direct_verified,gamma_high,0.15843112311912755,1.1078159170225195,0.02223237013586692,0.0007505600026813941,0.0038159063085980716,1.8715243500519914
16710,0.016640137335858066,0.01001660540741475,-0.0066235319284433155,continuous_direct_verified,gamma_low,0.1533319858581537,1.1208861458416421,0.26112404144559054,0.003828790436614188,0.025456778269573155,1.1999999999999997
47107,0.0027404815981877067,0.002740479055095528,-2.543092178682038e-09,continuous_direct_verified,gamma_low,0.06046783307418338,0.4400000012242107,0.0724435960203515,0.0013878694005299494,0.012609392287662446,1.515349595541286
44760,0.004885523352332492,0.004885523314262119,-3.807037324277118e-11,continuous_direct_verified,gamma_high,0.09808237348533054,1.1920000002134006,0.06309573444408768,0.001046357963595576,0.00772846486686074,1.566484523073014
47434,0.009473154227953254,0.005131161995833491,-0.004341992232119764,continuous_direct_verified,gamma_low,0.17914705173498627,0.9925010736865901,0.0972159902925155,0.0016564582529044747,0.007745544968356999,1.2000000000000002
43016,0.0038466938752342366,0.00322159387002672,-0.0006251000052075167,continuous_direct_verified,gamma_high,0.09494742968496028,0.8840692097294188,0.0415284169419745,0.0005720266458028866,0.004069214875712324,1.448224431300646
6497,0.00638458448194427,0.002846107714012881,-0.0035384767679313887,continuous_direct_verified,gamma_low,0.12820702995459207,0.4185702648854316,0.16170927082035497,0.0027481795353197225,0.012061762521272945,1.2
26525,0.011717638738319625,0.004511925552615894,-0.007205713185703731,continuous_direct_verified,gamma_low,0.18789720588159564,0.46655304658924474,0.18346905304363811,0.004215350870221846,0.01423429850255381,1.2
30284,0.00923615759928242,0.009236149537713612,-8.061568808337416e-09,continuous_direct_verified,m_low,0.05178280682228616,0.8800000036410738,0.3162277669477452,0.0015296850811701151,0.034263235861833,1.2529764023337655
33142,0.006880658441959788,0.0029780230399329634,-0.0039026354020268244,continuous_direct_verified,gamma_low,0.14309603526589607,1.0729795007043867,0.05791890703543251,0.0007792600769814528,0.004211830907443259,1.2000000000000002
25803,0.006451259905878711,0.002743061729624708,-0.0037081981762540025,continuous_direct_verified,gamma_low,0.0788755107468922,0.4739775828530724,0.23016170782583087,0.002205748503748675,0.018357896756165726,1.2
46989,0.0047142232614948085,0.0033290763366866064,-0.001385146924808202,continuous_direct_verified,gamma_high,0.1910417064561225,0.5001657588601008,0.02401734726520365,0.0011452768466151397,0.0041657427132233416,1.8995739656693615
1938,0.01576536092358868,0.009374542461347165,-0.006390818462241515,continuous_direct_verified,m_low,0.18788079795503496,0.945986985117197,0.42859312551038414,0.004905252429484114,0.030000000000000027,1.1568589575165256
39902,0.01835974669581168,0.009633493310482332,-0.008726253385329346,continuous_direct_verified,gamma_high,0.1376008138186398,1.166649538926862,0.32445204524255145,0.0034766679755511842,0.02654983112952869,1.2000000000000002
45107,0.006310847833461368,0.0035702710796718684,-0.0027405767537894998,continuous_direct_verified,gamma_high,0.054192406995342876,0.6936166493666026,0.7065311705785189,0.0025091998596953394,0.05559845953465958,1.2000000000000002
26676,0.008076650302733369,0.00478844125219536,-0.003288209050538009,continuous_direct_verified,gamma_low,0.07913189446237485,0.9448322993424307,0.22111166099406013,0.0016843851687331907,0.02060279964474554,1.2
8487,0.007447965366052508,0.003729534874391592,-0.0037184304916609155,continuous_direct_verified,gamma_low,0.09458628372736534,0.5546967885441028,0.23828738489932585,0.002489157892015967,0.019920685792609305,1.2
20698,0.012589688362589948,0.007348938906367043,-0.005240749456222904,continuous_direct_verified,gamma_low,0.16099940079506975,1.0280049352056064,0.16406947172814168,0.002537211102801168,0.01439124849501039,1.2
15337,0.008110038809893564,0.0034204034309175645,-0.004689635378975999,continuous_direct_verified,gamma_low,0.14920421141015455,0.42471845424172033,0.1753346270370748,0.0034403392970366875,0.013241101562944502,1.1999999999999997
10293,0.007179659566930429,0.0035203268681794804,-0.003659332698750949,continuous_direct_verified,gamma_low,0.17717309041158705,0.5902116329243605,0.10715421221850784,0.001997165510194049,0.008278163599056532,1.1999999999999997
33584,0.00933081786676252,0.0037456708167725545,-0.005585147049989965,continuous_direct_verified,m_low,0.1245104560584517,1.0301168401539325,0.756371640402871,0.002559338552200946,0.030000000000000027,1.079016298649586
36519,0.008816472082435104,0.005399516825691599,-0.003416955256743505,continuous_direct_verified,gamma_low,0.09553653773018149,0.7708618570158385,0.2809628118330626,0.0026279655461666357,0.026278169084539282,1.1999999999999997
20861,0.009369219762868766,0.0046781207887212186,-0.004691098974147548,continuous_direct_verified,gamma_low,0.19780877396501864,0.7686997620162921,0.10436441776926242,0.0020169215645614857,0.008411457925792232,1.2
44802,0.017627552913519574,0.006229034185043805,-0.01139851872847577,continuous_direct_verified,m_high,0.19409440853264098,1.1275079514086246,0.6249457087120964,0.004223588252403709,0.030000000000000027,1.086493026341073
33179,0.00754296512586269,0.004010882567253094,-0.003532082558609596,continuous_direct_verified,m_low,0.07856844567248879,0.707432476906092,0.465463596927305,0.002323463666460482,0.030987688424079618,1.161437351100104
34178,0.013025546840828038,0.00895353115840269,-0.004072015682425349,continuous_direct_verified,gamma_low,0.19574206172601136,1.1106988324614386,0.1643211680379857,0.0030935545999482283,0.014295072743497395,1.1999999999999997
12042,0.014408728594295392,0.005209902899346405,-0.009198825694948986,continuous_direct_verified,m_low,0.18220472644832325,1.048020142018795,0.738433281387217,0.0037686615419049163,0.030000000000000027,1.0803830942888766
29227,0.00852420098927525,0.0033068417657714697,-0.005217359223503779,continuous_direct_verified,m_low,0.08563460647525706,0.5678334732353687,0.5524855484265805,0.002686890730880867,0.030000000000000027,1.1402427535782476
46934,0.009595512274770304,0.005245551184763611,-0.004349961090006693,continuous_direct_verified,gamma_low,0.1477846601775841,0.82600536323573,0.1437089365416073,0.0020686660629703757,0.012226349631804356,1.2
30497,0.009534223545004678,0.004137425233813845,-0.005396798311190833,continuous_direct_verified,gamma_low,0.13074035955171284,0.5865441049593736,0.17567338282325404,0.0024668785878718402,0.014380972381239032,1.2
25382,0.007994531606967238,0.004228908698173552,-0.003765622908793686,continuous_direct_verified,gamma_high,0.15883571344911368,1.188150512031954,0.03677190157257514,0.000979249808185395,0.00415051395471755,1.5619429130879425
4445,0.011469246640974734,0.005105483315619862,-0.006363763325354872,continuous_direct_verified,gamma_low,0.19103350252685286,0.6801923606438856,0.136535225136683,0.0026417515256520474,0.011185746256850204,1.1999999999999997
20694,0.04965159544654972,0.027462681411549644,-0.022188914035000076,continuous_direct_verified,m_low,0.1503680139938911,1.142356703132391,1.0,0.001790550180765016,0.030000000000000027,1.0434491450738927
24689,0.010850935163826743,0.0031486153015324206,-0.007702319862294322,continuous_direct_verified,m_high,0.1339872863130538,0.4594480532407761,0.7511053053733513,0.0047515755532415715,0.030000000000000027,1.11258526436454
13794,0.013453194869920455,0.007380925826318024,-0.006072269043602431,continuous_direct_verified,gamma_low,0.18779789810989864,0.8995271374640139,0.16537359049171835,0.003002288555830096,0.014528394227949049,1.1999999999999997
24114,0.006742324625433856,0.0035130710063957494,-0.0032292536190381064,continuous_direct_verified,gamma_high,0.18858211969004604,0.8922530426289969,0.02819244172089668,0.0010049615705165216,0.004253035912281988,1.6945272407292142
8973,0.004583697183397444,0.0029294134190674718,-0.0016542837643299725,continuous_direct_verified,gamma_high,0.1899041102101756,0.5719550852968306,0.024912490078114587,0.0010142520369691155,0.003955073158541267,1.7488964956158375
5281,0.0043299204482072475,0.0037131201862173517,-0.0006168002619898957,continuous_direct_verified,gamma_high,0.13276051949214898,0.7478945055167258,0.019970167342743445,0.0005840389101650356,0.003894494368594903,1.9002009991278943
47881,0.0038028973882211444,0.0030588427658304303,-0.0007440546223907141,continuous_direct_verified,gamma_high,0.14650890639916841,0.5166522044728308,0.04028238685904187,0.0011243344184834192,0.004652213673779437,1.5633853923401513
33217,0.011861661707540721,0.005090527311118096,-0.0067711343964226255,continuous_direct_verified,m_low,0.13052806875432857,0.6867542278766632,0.5395849528845349,0.003626889109118042,0.030000000000000027,1.13223828295227
43181,0.00855395742065984,0.004031515328643506,-0.004522442092016334,continuous_direct_verified,gamma_low,0.1808816631837238,0.46392674663097444,0.1638500051532498,0.003619689210275917,0.012526890570231097,1.1999999999999997
35081,0.003927344584447876,0.003927344368036604,-2.1641127171539987e-10,continuous_direct_verified,gamma_low,0.1436948009224396,0.6719999994866006,0.013803842646074465,0.001513593372165084,0.007720870130454749,2.568437527857476
20438,0.01392867347244472,0.006946745613769456,-0.0069819278586752635,continuous_direct_verified,gamma_low,0.14658879990375015,0.8536009453241971,0.20929946504652552,0.0029842948665621816,0.019088353962197546,1.2
29289,0.003518988000819835,0.0032820781985915155,-0.00023690980222831936,continuous_direct_verified,gamma_high,0.15261803548736116,0.48420704877379045,0.024602310968266212,0.0009254391766115033,0.0042070361375560195,1.8544082156202204
47411,0.007421465977912345,0.007421455072896161,-1.0905016184330207e-08,continuous_direct_verified,m_low,0.05406855584614371,0.567999996969321,0.954992580497619,0.0018602751430908254,0.03731654288449027,1.122588553150829
38941,0.016943129676050727,0.006910487433845955,-0.010032642242204771,continuous_direct_verified,gamma_low,0.18681057293771933,0.6504008339701897,0.22681437680713623,0.00438166020565503,0.019719097202897662,1.1999999999999997
5905,0.008032304020101723,0.003378707667356669,-0.004653596352745054,continuous_direct_verified,gamma_low,0.13747013037969694,0.5458606987434432,0.13862692694360604,0.0020970676192887117,0.01083699010191419,1.1999999999999997
3436,0.00695267213772246,0.004816998272112118,-0.0021356738656103423,continuous_direct_verified,gamma_high,0.05839664633758976,1.0571651359453285,0.40635943155418197,0.001792577657854691,0.03506415361618154,1.2000000000000002
10879,0.0028693482788765506,0.0028693480457905782,-2.3308597239812823e-10,continuous_direct_verified,gamma_low,0.11351129365240575,0.4480000004313167,0.01659586907471159,0.0018019575244432595,0.009059199704902987,2.655892276161435
23042,0.016499501941921083,0.005253399889959358,-0.011246102051961724,continuous_direct_verified,m_high,0.19388986088081414,1.0635952430963516,0.712627866875367,0.004040491322733847,0.030000000000000027,1.0778036340569739
34525,0.020716709698060817,0.0068646325020462065,-0.013852077196014612,continuous_direct_verified,a1_high,0.19999075422063473,0.7352885790629903,0.5232729733947558,0.0050000000000000044,0.027692045970388324,1.1219459973099448
38594,0.12137301084718863,0.034558210053818234,-0.0868148007933704,continuous_direct_verified,m_low,0.1999976380247965,1.1504571747779846,0.816158207527158,0.002754315080527897,0.030000000000000027,1.0526791134544575
30782,0.013079525357916833,0.00789602840140276,-0.005183496956514074,continuous_direct_verified,m_low,0.1307961713370118,0.9907517221570015,0.3961965157337881,0.0034793943014177764,0.030000000000000027,1.1733204907128678
29608,0.007928563597246535,0.0030061944916084946,-0.00492236910563804,continuous_direct_verified,m_low,0.09134045419347948,0.8950549204647541,0.7212507174041813,0.0019995381968981596,0.030000000000000027,1.0873175616458546
36517,0.006324501561868319,0.002887549605261083,-0.003436951956607236,continuous_direct_verified,gamma_low,0.16261609942308738,0.524419129465847,0.10303452229676148,0.0018536789749644955,0.007722577278642673,1.2
28851,0.06529528533990325,0.040259575592824164,-0.02503570974707909,continuous_direct_verified,m_high,0.05,0.45357149571180344,0.8453810966718526,0.0008214280474930988,0.02999999999999997,1.0420722794943529
5805,0.012124080702291411,0.002832786954615263,-0.00929129374767615,continuous_direct_verified,a1_high,0.18956517893095992,0.4042307164259066,0.8886609455428006,0.005150652995533522,0.02292119229959355,1.0841985030552863
3884,0.0229180676648302,0.02291805708591556,-1.0578914640124726e-08,continuous_direct_verified,m_low,0.059551768325595826,1.160000006813995,1.0,0.0006168984289753113,0.0362159014153558,1.0416684658314774
17727,0.006627646328049066,0.0035562746267252063,-0.00307137170132386,continuous_direct_verified,gamma_low,0.110619283765885,0.6412580645118143,0.15269069900901713,0.0017475194573822184,0.01254442245105769,1.1999999999999997
20264,0.03491840461041358,0.024017046822711288,-0.010901357787702293,continuous_direct_verified,m_low,0.08883591519343784,1.156899022012949,1.0,0.0008583825235359832,0.030000000000000027,1.0372705450156174
9738,0.10362294018968332,0.05949935898775255,-0.04412358120193077,continuous_direct_verified,a1_low,0.17282854945398868,1.2,0.9078878249865083,0.0050000000000000044,0.02818161547183995,1.0883925776710293
10849,0.007547182191229133,0.006879167856088834,-0.000668014335140299,continuous_direct_verified,gamma_low,0.13156465546436105,0.4002117702625079,0.01724713378191304,0.00028683959298339556,1.2841014362940939e-08,1.2000000000000002
12594,0.009730872540022268,0.0045171323134608095,-0.0052137402265614585,continuous_direct_verified,gamma_low,0.18626638166431314,0.968021789374729,0.0831315063019419,0.0014680153707790078,0.006496892305990154,1.2000000000000002
6082,0.013020362043954277,0.00870172430127525,-0.004318637742679026,continuous_direct_verified,gamma_low,0.19360887742633634,1.065121080138714,0.16715661631736778,0.003109515700166293,0.014680093684227291,1.2
19987,0.00442793852906001,0.004427936220037243,-2.30902276725925e-09,continuous_direct_verified,gamma_high,0.05680691142425793,0.6319999985983848,0.2511886429282134,0.0017119890437360327,0.024671265424203837,1.3121301486419452
290,0.07658132683115175,0.010966487544404277,-0.06561483928674747,continuous_direct_verified,m_low,0.19999373337255763,1.1657882791757583,0.4308307833342052,0.005068742306921309,0.030000000000000027,1.1496003457747621
6757,0.004389923036501188,0.0034986142101685502,-0.0008913088263326377,continuous_direct_verified,gamma_high,0.1658080499034154,0.6598876233781198,0.020875212101114274,0.0007856103006529391,0.003887609801211056,1.9034889037233722
13538,0.00827651494844417,0.0027766484063102828,-0.005499866542133888,continuous_direct_verified,gamma_low,0.19070734825244487,1.1386199566348756,0.040886072933506656,0.0007305669944888404,0.00278545122587337,1.2000000000000002
23782,0.015612868556726809,0.0033104370532408825,-0.012302431503485926,continuous_direct_verified,m_low,0.1647017124454766,1.1615780499577522,0.9742713824413561,0.0029648813764839854,0.030000000000000027,1.0606320527410766
29533,0.006933173635301999,0.0035786121298269366,-0.0033545615054750627,continuous_direct_verified,gamma_low,0.19180752171986418,0.5841153055004418,0.10371833408472342,0.0020983233783332944,0.007968914466315535,1.2
2525,0.010517370712648588,0.00476833986339665,-0.0057490308492519375,continuous_direct_verified,gamma_low,0.19094017224184973,0.5311636216023194,0.1663871954697205,0.003571228340419119,0.013203834650777568,1.1999999999999997
16,0.010349012104237502,0.0031312920692984922,-0.0072177200349390095,continuous_direct_verified,m_low,0.1189445803998436,1.1599068430066108,0.8473650450130665,0.00227978393756105,0.030000000000000027,1.0682392561900478
45458,0.011200300645245747,0.005039596799908069,-0.006160703845337678,continuous_direct_verified,gamma_high,0.18389045862580744,1.1907354638725118,0.09383688045651362,0.0013589849333008885,0.005681955739895939,1.2000000000000002
15613,0.006766760850722842,0.005817332181571174,-0.0009494286691516685,continuous_direct_verified,gamma_high,0.198723327632306,0.6400018472662173,0.01282893775972367,0.00021938433243129385,1.7465094481750043e-08,1.2000000000000002
23091,0.010987313177697798,0.010987311814651481,-1.363046316441019e-09,continuous_direct_verified,gamma_high,0.05339737949386352,0.4,0.3311311201489403,0.0020682027140270995,0.01992523893713949,1.2269311417809061
43375,0.01009416675491912,0.0042750574055449,-0.00581910934937422,continuous_direct_verified,gamma_low,0.1136263467389843,0.505799288508721,0.27053526861377164,0.003561423204863967,0.022264241633244142,1.2
43897,0.01010675420731096,0.004355881292100973,-0.005750872915209987,continuous_direct_verified,gamma_low,0.14876942403741258,0.4308047509751768,0.24935047000482657,0.004863348862751554,0.01955062961201376,1.1999999999999997
5600,0.00917028134789808,0.004891253475294746,-0.0042790278726033346,continuous_direct_verified,gamma_low,0.105229602965602,0.9064050468282215,0.16739542862172677,0.0017020231791946144,0.014737857379149677,1.1999999999999997
33682,0.005635758689714411,0.0044468704458362355,-0.0011888882438781754,continuous_direct_verified,gamma_high,0.18353196592054594,0.8356929755453161,0.019135186457587217,0.0007600893264941844,0.003692956393570479,1.8938629497441024
28114,0.013596107560412338,0.008386908984865089,-0.005209198575547249,continuous_direct_verified,gamma_low,0.18237496023438124,1.1146636823898095,0.15967023573352437,0.0028002222962752177,0.0137917968219059,1.2
45915,0.0027736938937447135,0.0027736938937447135,0.0,verified_grid,gamma_low,0.07403097299062382,0.56,0.039810717055349734,0.0012274035518549803,0.01130563974380494,1.79242599893225
15050,0.006069032091720178,0.0034220612270102328,-0.002646970864709945,continuous_direct_verified,gamma_low,0.1786219671087886,0.8045125591178931,0.014489965051975216,0.0009015825392132137,0.0034874516149557833,1.738795805658414
430,0.01293464363147712,0.006236897885613132,-0.0066977457458639875,continuous_direct_verified,m_low,0.14577702712561463,0.8335225377976894,0.5113395326590577,0.003739782984512774,0.030000000000000027,1.1303435183518988
6646,0.11875370387473234,0.09546971502040036,-0.023283988854331986,continuous_direct_verified,m_low,0.1453304762891599,1.1589232032001018,1.0,0.000547878636502408,0.030000000000000027,1.0024781763350086
13614,0.005537466495532828,0.003071734696585372,-0.002465731798947456,continuous_direct_verified,gamma_high,0.1439094862394387,0.8763428029267911,0.03503061309927185,0.0008476645179444631,0.004342806652295139,1.565789972910485
23375,0.0028648034038211774,0.0028102792621151024,-5.4524141706075065e-05,continuous_direct_verified,gamma_high,0.12138315442893607,0.4600052345234781,0.023538152019791127,0.0007210628496478189,0.00400522615128468,1.8510105020299443
35365,0.00854822684105184,0.003853835737030466,-0.004694391104021374,continuous_direct_verified,gamma_low,0.15949737264727157,0.46882141051208875,0.17139572326247424,0.0033213619333793687,0.013209531133531516,1.1999999999999997
21096,0.005734831072826301,0.00307649237600578,-0.0026583386968205207,continuous_direct_verified,gamma_low,0.08976158855063254,0.9231620978409963,0.10541575721110506,0.0009045215644932492,0.008567321657629634,1.1999999999999997
26038,0.014759082694545305,0.008970115579538489,-0.005788967115006816,continuous_direct_verified,m_low,0.15187510134918214,1.1395697382092476,0.4230254057431166,0.003903909253753418,0.030000000000000027,1.155017737680013
27742,0.007067064926087561,0.005855051114973273,-0.0012120138111142882,continuous_direct_verified,gamma_high,0.1340588280468002,1.1801316542601714,0.04704857275759976,0.0009465482088490962,0.004131666752087204,1.467691544083121
9927,0.009302752450785904,0.00328131582842891,-0.006021436622356994,continuous_direct_verified,gamma_low,0.1006071275429957,0.4254221077139358,0.26218097170625065,0.0034940248956747133,0.020575542288539805,1.1999999999999997
9133,0.014048667935797537,0.0058749045819327175,-0.00817376335386482,continuous_direct_verified,gamma_low,0.1792743828081559,0.5593597533407803,0.22507642333391384,0.004440956755631081,0.01873820742994503,1.2
36070,0.0068264719834640955,0.005214084038553425,-0.0016123879449106704,continuous_direct_verified,gamma_low,0.16080079335207983,0.9804378120618445,0.01507322760081383,0.0009171528699721543,0.0035622043924911084,1.8087873112172677
29602,0.006273886131359018,0.0033070506372168064,-0.0029668354941422112,continuous_direct_verified,gamma_high,0.1940081242129174,0.9873912970812295,0.021092803410807416,0.0008328997187283527,0.003391289403917974,1.7990653585170266
30693,0.0069240832349408915,0.0038797106308626826,-0.003044372604078209,continuous_direct_verified,gamma_low,0.16472917310654547,0.7452665207357252,0.09990619357590026,0.0016150994715896927,0.007982188966974002,1.2000000000000002
46400,0.008151616105008759,0.003957431596029884,-0.004194184508978875,continuous_direct_verified,m_low,0.11362453075925537,0.8615286175906658,0.66079389004648,0.0026194675905508447,0.030000000000000027,1.0968807721462832
