state_1,state_2,a1_1,a1_2,gamma_1,gamma_2,reference_noise_level,rms_g_difference,l2_g_difference,relative_l2_difference,master_mean_rms_g,sigma_reference,snr_sep_rms,snr_sep
0,1,0.05,0.05,0.01,0.1,0.002,8.46246209854976e-05,0.0018922640509372785,0.0053885879305052295,0.015662508711724046,3.13250174234481e-05,2.701502758691285,60.407438098369234
0,2,0.05,0.05,0.01,1.0,0.002,0.0006927983874563547,0.015491442890546466,0.04497949262521484,0.015361818965644822,3.0723637931289645e-05,22.54936049584132,504.21902917849553
0,3,0.05,0.06875,0.01,0.01,0.002,0.0007146765270078125,0.01598065296312933,0.04438279535525497,0.016059215840489652,3.2118431680979306e-05,22.251289667765676,497.55396284162754
0,4,0.05,0.06875,0.01,0.1,0.002,0.0005983785326522612,0.013380150752870336,0.037294380100168036,0.016001620486594884,3.2003240973189765e-05,18.69743546141292,418.08736696634435
0,5,0.05,0.06875,0.01,1.0,0.002,0.00023942359449852308,0.005353674327160423,0.015318681108888598,0.015588033976977611,3.117606795395522e-05,7.679723910408915,171.7238471210484
0,6,0.05,0.08750000000000001,0.01,0.01,0.002,0.0014293531225854656,0.03196130745952691,0.08684447471773823,0.016414152931173407,3.2828305862346814e-05,43.54026456859887,973.5899133371263
0,7,0.05,0.08750000000000001,0.01,0.1,0.002,0.0012813323324871227,0.028651461972095688,0.07820081923285432,0.016340823423360688,3.2681646846721376e-05,39.20647997013853,876.6835437171369
0,8,0.05,0.08750000000000001,0.01,1.0,0.002,0.00022112356781440486,0.004944473290602939,0.013945269982529027,0.015814280747394587,3.162856149478918e-05,6.991262244121823,156.32937626384125
0,9,0.05,0.10625000000000001,0.01,0.01,0.002,0.0021440296936646496,0.047941961408122076,0.12750644203357184,0.01676917860657097,3.353835721314194e-05,63.92768972072715,1429.4665986006048
0,10,0.05,0.10625000000000001,0.01,0.1,0.002,0.0019642883088533294,0.04392282186004146,0.11744167809736697,0.01668010705188014,3.336021410376028e-05,58.88116613232167,1316.6229006632962
0,11,0.05,0.10625000000000001,0.01,1.0,0.002,0.000674303606303103,0.015077887011669941,0.041924999252353566,0.016040556715494737,3.2081113430989475e-05,21.018709582933123,469.9926342676472
0,12,0.05,0.125,0.01,0.01,0.002,0.002858706246225969,0.06392261494264517,0.16648018873557285,0.017124282643591934,3.424856528718387e-05,83.46937228625232,1866.431904712972
0,13,0.05,0.125,0.01,0.1,0.002,0.0026472446475288352,0.05919418984946946,0.15511606111180978,0.017019462346670487,3.4038924693340977e-05,77.7711009198453,1739.014683417705
0,14,0.05,0.125,0.01,1.0,0.002,0.001129022914044314,0.025245719839579878,0.0692200407342741,0.016266859499140612,3.253371899828122e-05,34.70316179050913,775.9862879775172
0,15,0.05,0.14375000000000002,0.01,0.01,0.002,0.0035733828433739626,0.07990326947415664,0.2038682652079512,0.017479456476127482,3.4958912952254966e-05,102.21664638869922,2285.633697571898
0,16,0.05,0.14375000000000002,0.01,0.1,0.002,0.003330201298378533,0.0744655648193246,0.19131552294910875,0.017358881682481835,3.471776336496367e-05,95.92211524027184,2144.8837022281646
0,17,0.05,0.14375000000000002,0.01,1.0,0.002,0.0015839563733195717,0.03541834124136596,0.09577834787276962,0.016493187018914557,3.298637403782912e-05,48.018505201665214,1073.7264180885065
0,18,0.05,0.16250000000000003,0.01,0.01,0.002,0.004288059403176695,0.09588392317060267,0.23976513566535188,0.017834692540928197,3.56693850818564e-05,120.21680198119985,2688.1294126759426
0,19,0.05,0.16250000000000003,0.01,0.1,0.002,0.004013158025177963,0.08973694148746737,0.2261246646502477,0.01769835840346081,3.5396716806921624e-05,113.37656108244518,2535.176976355045
0,20,0.05,0.16250000000000003,0.01,1.0,0.002,0.0020389607950633526,0.04559254941218674,0.12162121265649892,0.016719537374928522,3.3439074749857044e-05,60.97539511233245,1363.4512842608378
0,21,0.05,0.18125000000000002,0.01,0.01,0.002,0.00500273604186607,0.11186457863100767,0.27425796598619634,0.018189984541192812,3.6379969082385625e-05,137.51347700535248,3074.894824063224
0,22,0.05,0.18125000000000002,0.01,0.1,0.002,0.0046961147520957845,0.10500831815825748,0.25962178957016163,0.01803788679552932,3.607577359105864e-05,130.1736396654766,2910.771071705687
0,23,0.05,0.18125000000000002,0.01,1.0,0.002,0.00249399710886605,0.05576747071112431,0.14677493389547405,0.01694590882551231,3.3891817651024624e-05,73.58699773928032,1645.4552920515416
0,24,0.05,0.2,0.01,0.01,0.002,0.005717412469352561,0.1278452293687726,0.3074272793445409,0.01854532672939903,3.7090653458798064e-05,154.1469868063585,3446.831410257809
0,25,0.05,0.2,0.01,0.1,0.002,0.005379071551135466,0.1202796964417414,0.29187947122015745,0.018377461860976132,3.675492372195226e-05,146.34968614892702,3272.4784671476027
0,26,0.05,0.2,0.01,1.0,0.002,0.002949050697240299,0.0659427782812246,0.17126585497256983,0.017172299874104388,3.434459974820878e-05,85.86650358020563,1920.033389955689
1,2,0.05,0.05,0.1,1.0,0.002,0.000608174178735599,0.013599188058129066,0.03959337174297543,0.015319948319325403,3.063989663865081e-05,19.84909368031012,443.83922760934905
1,3,0.05,0.06875,0.1,0.01,0.002,0.000799268025162074,0.0178721763650441,0.049766000225199364,0.01601734519417023,3.203469038834046e-05,24.950078039554906,557.9007054036946
1,4,0.05,0.06875,0.1,0.1,0.002,0.0006829568521705032,0.015271379471525199,0.042677592814167366,0.015959749840275463,3.191949968055093e-05,21.396226726781684,478.43417423081667
1,5,0.05,0.06875,0.1,1.0,0.002,0.00015545020729466696,0.0034759723062730897,0.009972758485118745,0.01554616333065819,3.109232666131638e-05,4.9996325134481125,111.7951816258811
1,6,0.05,0.08750000000000001,0.1,0.01,0.002,0.0015139427696877347,0.03385278947066083,0.092219482547145,0.016372282284853986,3.274456456970797e-05,46.234933631955656,1033.844545362441
1,7,0.05,0.08750000000000001,0.1,0.1,0.002,0.0013659137091337076,0.030542759050218454,0.08357730107717692,0.016298952777041267,3.259790555408253e-05,41.901885594077434,936.9546457377629
1,8,0.05,0.08750000000000001,0.1,1.0,0.002,0.00030442009657733116,0.006807040296639636,0.019249436199818035,0.015772410101075166,3.154482020215033e-05,9.650398849208834,215.78947836816698
1,9,0.05,0.10625000000000001,0.1,0.01,0.002,0.0022286186768984205,0.04983342857470508,0.1328691328102159,0.01672730796025155,3.34546159205031e-05,66.61617883147127,1489.5830426845228
1,10,0.05,0.10625000000000001,0.1,0.1,0.002,0.0020488706167784425,0.04581413976218519,0.12280735354835498,0.016638236405560718,3.3276472811121436e-05,61.571147531407924,1376.772713328965
1,11,0.05,0.10625000000000001,0.1,1.0,0.002,0.0007585487310171223,0.016961665268004886,0.04728654393613812,0.01599868606917532,3.199737213835064e-05,23.706594645875914,530.0955714321109
1,12,0.05,0.125,0.1,0.01,0.002,0.0029432948879085084,0.06581407447191048,0.1718269260627959,0.017082411997272517,3.4164823994545034e-05,86.1498624543903,1926.369487002736
1,13,0.05,0.125,0.1,0.1,0.002,0.002731827406151759,0.0610855178295226,0.16046744356948833,0.016977591700351066,3.395518340070213e-05,80.45391402878624,1799.0042082429
1,14,0.05,0.125,0.1,1.0,0.002,0.0012133995293710878,0.027132438315400048,0.07458535832348633,0.01622498885282119,3.2449977705642386e-05,37.39292335970087,836.1311850973098
1,15,0.05,0.14375000000000002,0.1,0.01,0.002,0.003657971277078685,0.08179472435289657,0.2091958736530493,0.017437585829808065,3.487517165961613e-05,104.88754902142747,2345.3568960525336
1,16,0.05,0.14375000000000002,0.1,0.1,0.002,0.003414784322918873,0.07635689874547194,0.19664957215438447,0.017317011036162417,3.463402207232484e-05,98.59623914854348,2204.6789306196924
1,17,0.05,0.14375000000000002,0.1,1.0,0.002,0.0016683819476025746,0.03730615447272849,0.10114044576809947,0.016451316372595136,3.290263274519027e-05,50.706639815820196,1133.8349353877138
1,18,0.05,0.16250000000000003,0.1,0.01,0.002,0.004372647696830351,0.09777537491770555,0.24507085146089178,0.017792821894608776,3.558564378921755e-05,122.87673430135504,2747.6073075101
1,19,0.05,0.16250000000000003,0.1,0.1,0.002,0.004097741225102049,0.09162827933531449,0.23143872421963788,0.017656487757141393,3.531297551428279e-05,116.04066679242776,2594.7481910227093
1,20,0.05,0.16250000000000003,0.1,1.0,0.002,0.0021234115316441644,0.04748092528963297,0.12697694952600405,0.0166776667286091,3.33553334572182e-05,63.66032989499769,1423.4882511527687
1,21,0.05,0.18125000000000002,0.1,0.01,0.002,0.005087324234858847,0.11375602812726485,0.27953938965528313,0.018148113894873395,3.629622778974679e-05,140.16123836141313,3134.1005678667093
1,22,0.05,0.18125000000000002,0.1,0.1,0.002,0.004780698076386303,0.10689965878702257,0.26491354005518564,0.017996016149209898,3.5992032298419795e-05,132.8265666341991,2970.0923221197463
1,23,0.05,0.18125000000000002,0.1,1.0,0.002,0.0025784630766947096,0.05765618716962624,0.15212217855312196,0.01690403817919289,3.380807635838578e-05,76.26766602635011,1705.396857201701
1,24,0.05,0.2,0.1,0.01,0.002,0.005802000586387404,0.12973667716655876,0.3126823332197648,0.01850345608307961,3.700691216615922e-05,156.78153746891138,3505.7417539741614
1,25,0.05,0.2,0.1,0.1,0.002,0.005463654968192073,0.12217103914481926,0.29714689071992545,0.01833559121465671,3.6671182429313424e-05,148.99042262200558,3331.5271297922695
1,26,0.05,0.2,0.1,1.0,0.002,0.0030335268474411736,0.06783172242449098,0.17660290995074238,0.01713042922778497,3.426085845556994e-05,88.54205598423934,1979.860560483512
2,3,0.05,0.06875,1.0,0.01,0.002,0.0014072895969848781,0.0314679520288647,0.08930268807834221,0.015716655448091005,3.143331089618201e-05,44.77064479885293,1001.1020516673253
2,4,0.05,0.06875,1.0,0.1,0.002,0.001290942526316734,0.02886635243889528,0.0822213065055961,0.015659060094196237,3.1318120188392476e-05,41.220306919800365,921.7140832607857
2,5,0.05,0.06875,1.0,1.0,0.002,0.00045509229580733516,0.010176173094616438,0.029772601410067524,0.015245473584578964,3.049094716915793e-05,14.925488974893772,333.74407945286123
2,6,0.05,0.08750000000000001,1.0,0.01,0.002,0.0021219056959811697,0.04744725378057897,0.13167386392667121,0.016071592538774764,3.2143185077549525e-05,66.01417037116272,1476.1217242817236
2,7,0.05,0.08750000000000001,1.0,0.1,0.002,0.001973841311782447,0.044136433499429084,0.12304790931906942,0.015998263030962044,3.199652606192409e-05,61.689238011726566,1379.4132967438456
2,8,0.05,0.08750000000000001,1.0,1.0,0.002,0.0009101844179734846,0.02035234230649793,0.058673810501080545,0.015471720354995942,3.094344070999188e-05,29.414454148907197,657.7271899800722
2,9,0.05,0.10625000000000001,1.0,0.01,0.002,0.002836552253805151,0.06342723661238554,0.17221327148129198,0.016426618214172323,3.285323642834465e-05,86.34011629240493,1930.6236921505456
2,10,0.05,0.10625000000000001,1.0,0.1,0.002,0.0026567700028245086,0.05940718326897909,0.16217875226571285,0.01633754665948149,3.2675093318962985e-05,81.30871966883267,1818.1182434298403
2,11,0.05,0.10625000000000001,1.0,1.0,0.002,0.001365276586533362,0.03052851255577471,0.08674118175095702,0.015697996323096094,3.1395992646192186e-05,43.48569583127824,972.3697192761738
2,12,0.05,0.125,1.0,0.01,0.002,0.0035512108725598234,0.07940748913480107,0.21103565266415367,0.01678172225119329,3.356344450238658e-05,105.80591251018079,2365.8921279415963
2,13,0.05,0.125,1.0,0.1,0.002,0.0033397101153317126,0.07467818843025371,0.19971585072241557,0.016676901954271843,3.335380390854369e-05,100.12981201452212,2238.970662387466
2,14,0.05,0.125,1.0,1.0,0.002,0.0018203687117211724,0.0407046818352226,0.11401014105013027,0.015924299106741965,3.1848598213483934e-05,57.15694924841219,1278.0682390595518
2,15,0.05,0.14375000000000002,1.0,0.01,0.002,0.0042658755457188864,0.09538787703781441,0.2482470740591228,0.01713689608372884,3.427379216745768e-05,124.46464998318031,2783.114181581092
2,16,0.05,0.14375000000000002,1.0,0.1,0.002,0.004022656018402214,0.08994932307245995,0.2357539322006789,0.01701632129008319,3.4032642580166386e-05,118.19993140193426,2643.0308155053704
2,17,0.05,0.14375000000000002,1.0,1.0,0.002,0.002275460831707415,0.05088085099835989,0.14051415735725512,0.01615062662651591,3.230125325303182e-05,70.44497047475514,1575.1974265451813
2,18,0.05,0.16250000000000003,1.0,0.01,0.002,0.004980543603085524,0.11136834061400963,0.2839452674865697,0.01749213214852955,3.49842642970591e-05,142.36525201143664,3183.38381131461
2,19,0.05,0.16250000000000003,1.0,0.1,0.002,0.004705605103658125,0.10522052887049513,0.27038056716465125,0.017355798011062167,3.4711596022124335e-05,135.56291392245075,3031.2789075855253
2,20,0.05,0.16250000000000003,1.0,1.0,0.002,0.0027305531002232604,0.06105702348272006,0.16628487345949075,0.01637697698252988,3.2753953965059755e-05,83.36560230670395,1864.111537430033
2,21,0.05,0.18125000000000002,1.0,0.01,0.002,0.005695213873555458,0.12734885367669896,0.31822033592662136,0.01784742414879417,3.5694848297588337e-05,159.55282471224976,3567.7096205869875
2,22,0.05,0.18125000000000002,1.0,0.1,0.002,0.005388556119446517,0.1204917778365489,0.30367674353586316,0.017695326403130672,3.5390652806261343e-05,152.25930273015956,3404.621511113561
2,23,0.05,0.18125000000000002,1.0,1.0,0.002,0.0031856452031653005,0.0712331922647374,0.19135219562539185,0.016603348433113667,3.3206696866227335e-05,95.9338176873967,2145.1453769009067
2,24,0.05,0.2,1.0,0.01,0.002,0.0064098853520825295,0.14332939375236708,0.3511554148163639,0.018202766337000388,3.6405532674000775e-05,176.06898955389235,3937.0222937220365
2,25,0.05,0.2,1.0,0.1,0.002,0.006071508488421381,0.13576305706077205,0.33571743532979814,0.01803490146857749,3.606980293715498e-05,168.3266331950821,3763.897942478762
2,26,0.05,0.2,1.0,1.0,0.002,0.0036407373641175024,0.08140936234390139,0.2157444631530144,0.016829739481705745,3.365947896341149e-05,108.16380634040874,2418.616236822767
3,4,0.06875,0.06875,0.01,0.1,0.002,0.00011635883253828873,0.00260186259338128,0.007094684765678077,0.016356456969041065,3.271291393808213e-05,3.556969359517428,79.53625281764856
3,5,0.06875,0.06875,0.01,1.0,0.002,0.0009525975776821333,0.021300729388988866,0.059590882784068516,0.015942870459423792,3.188574091884759e-05,29.87534710598665,668.0330698038777
3,6,0.06875,0.08750000000000001,0.01,0.01,0.002,0.0007146765955779621,0.015980654496404487,0.042502634904351834,0.016768989413619588,3.353797882723918e-05,21.30947124927843,476.49426277963937
3,7,0.06875,0.08750000000000001,0.01,0.1,0.002,0.0005666652530153195,0.01267102026229372,0.033848421157240884,0.01669565990580687,3.3391319811613735e-05,16.970435916049937,379.47048316091565
3,8,0.06875,0.08750000000000001,0.01,1.0,0.002,0.0004986365933662638,0.011149853188358864,0.030756045042387745,0.016169117229840768,3.2338234459681536e-05,15.419413016748049,344.7885567859374
3,9,0.06875,0.10625000000000001,0.01,0.01,0.002,0.0014293531666570763,0.03196130844499809,0.08324141438586814,0.017124015089017154,3.424803017803431e-05,41.73533949914065,933.2305618411053
3,10,0.06875,0.10625000000000001,0.01,0.1,0.002,0.0012496159024649768,0.02794226103676435,0.07315499432293081,0.01703494353432632,3.406988706865264e-05,36.678017157701,820.1453964452305
3,11,0.06875,0.10625000000000001,0.01,1.0,0.002,6.365879018618274e-05,0.0014234538222170111,0.00387226516399318,0.016395393197940922,3.279078639588185e-05,1.9413621075637748,43.410176414548594
3,12,0.06875,0.125,0.01,0.01,0.002,0.0021440297192183767,0.04794196197952078,0.1223233507935478,0.01747911912603812,3.495823825207624e-05,61.33117189024932,1371.4066948632178
3,13,0.06875,0.125,0.01,0.1,0.002,0.001932570856952291,0.04321359807480345,0.11092495245164648,0.017374298829116668,3.4748597658233335e-05,55.615794224558805,1243.6069650875368
3,14,0.06875,0.125,0.01,1.0,0.002,0.00041675431437881023,0.009318909768673377,0.025005141219798084,0.016621695981586793,3.324339196317359e-05,12.536455811743968,280.3236739198182
3,15,0.06875,0.14375000000000002,0.01,0.01,0.002,0.002858706316366373,0.0639226165110323,0.15984705361233928,0.017834292958573666,3.566858591714733e-05,80.1463316489953,1792.126457143963
3,16,0.06875,0.14375000000000002,0.01,0.1,0.002,0.002615526896934023,0.058484959385235624,0.1472460985065458,0.01771371816492802,3.542743632985604e-05,73.82772133386969,1650.838035264441
3,17,0.06875,0.14375000000000002,0.01,1.0,0.002,0.0008703640312909982,0.019461931391374258,0.05151961560372692,0.016848023501360738,3.3696047002721475e-05,25.829855686653776,577.5731316436734
3,18,0.06875,0.16250000000000003,0.01,0.01,0.002,0.003573382876169108,0.07990327020747838,0.19590351451941845,0.01818952902337438,3.637905804674876e-05,98.2263716552844,2196.408442043744
3,19,0.06875,0.16250000000000003,0.01,0.1,0.002,0.0032984832854556305,0.07375632848925634,0.182199850135072,0.018053194885906995,3.610638977181399e-05,91.35455819043285,2042.7500216826804
3,20,0.06875,0.16250000000000003,0.01,1.0,0.002,0.0013249909439297352,0.029627698201985003,0.07739001905358907,0.017074373857374703,3.414874771474941e-05,38.80057198576127,867.6071652603621
3,21,0.06875,0.18125000000000002,0.01,0.01,0.002,0.004288059514858466,0.09588392566788298,0.23057683525070555,0.018544821023638997,3.708964204727799e-05,115.61339711481973,2585.1941505841496
3,22,0.06875,0.18125000000000002,0.01,0.1,0.002,0.003981439799308604,0.0890277003957716,0.21586170522983697,0.0183927232779755,3.6785446555951e-05,108.23410267027201,2420.1881105441976
3,23,0.06875,0.18125000000000002,0.01,1.0,0.002,0.0017798555610435795,0.039798780246244704,0.10259662226100982,0.01730074530795849,3.460149061591698e-05,51.43869611862417,1150.2042119519824
3,24,0.06875,0.2,0.01,0.01,0.002,0.005002735942344962,0.11186457640564805,0.2639448316187034,0.018900163211845213,3.780032642369042e-05,132.34636881891106,2959.3547725434373
3,25,0.06875,0.2,0.01,0.1,0.002,0.0046643964525273285,0.10429907541859978,0.24830175050841696,0.018732298343422313,3.746459668684463e-05,124.50144576533481,2783.93696028292
3,26,0.06875,0.2,0.01,1.0,0.002,0.0022348128625038497,0.04997193477549498,0.1271568287297948,0.017527136356550573,3.5054272713101145e-05,63.75293764598953,1425.55902341738
4,5,0.06875,0.06875,0.1,1.0,0.002,0.0008362393119734406,0.01869887947030267,0.05250185273114687,0.015885275105529024,3.1770550211058046e-05,26.321209623948516,588.5601396917056
4,6,0.06875,0.08750000000000001,0.1,0.01,0.002,0.0008309916233907741,0.01858153758634675,0.049590547172450754,0.01671139405972482,3.342278811944964e-05,24.863025203669267,555.9541448169504
4,7,0.06875,0.08750000000000001,0.1,0.1,0.002,0.0006829568569636107,0.015271379578702341,0.04093621188052805,0.0166380645519121,3.32761291038242e-05,20.523927372463618,458.9289677009729
4,8,0.06875,0.08750000000000001,0.1,1.0,0.002,0.00038246293765907996,0.00855213127479967,0.023674854925508183,0.016111521875946,3.2223043751892e-05,11.869236829516558,265.40420391843105
4,9,0.06875,0.10625000000000001,0.1,0.01,0.002,0.0015456648974189284,0.03456211781063963,0.0903192064006511,0.017066419735122386,3.4132839470244774e-05,45.28380648689829,1012.5766958465051
4,10,0.06875,0.10625000000000001,0.1,0.1,0.002,0.0013659137646082448,0.03054276029066682,0.08023489095016785,0.01697734818043155,3.3954696360863104e-05,40.2275358345606,899.5150469338623
4,11,0.06875,0.10625000000000001,0.1,1.0,0.002,8.647139746153716e-05,0.0019335592283339985,0.0052784856837081034,0.016337797844046154,3.2675595688092306e-05,2.646360246557011,59.174414042545806
4,12,0.06875,0.125,0.1,0.01,0.002,0.0022603402377166532,0.050542744238124715,0.12938603875816934,0.01742152377214335,3.48430475442867e-05,64.87205904832761,1450.5833387244088
4,13,0.06875,0.125,0.1,0.1,0.002,0.0020488705539815437,0.04581413835800384,0.11799186357345184,0.0173167034752219,3.46334069504438e-05,59.15879303798291,1322.8308269977108
4,14,0.06875,0.125,0.1,1.0,0.002,0.000531878204182682,0.011893158203029901,0.03202363887295419,0.016564100627692025,3.3128201255384054e-05,16.055148907193995,359.0040434536724
4,15,0.06875,0.14375000000000002,0.1,0.01,0.002,0.002975016205225057,0.06652338469046692,0.16689019189389187,0.017776697604678898,3.55533952093578e-05,83.6774149896666,1871.0838809835438
4,16,0.06875,0.14375000000000002,0.1,0.1,0.002,0.0027318274707486393,0.06108551927395276,0.1542957122030952,0.01765612281103325,3.53122456220665e-05,77.36204318429213,1729.867874383515
4,17,0.06875,0.14375000000000002,0.1,1.0,0.002,0.000986168959306798,0.022051408303102243,0.058574954942393787,0.01679042814746597,3.358085629493194e-05,29.36699858531099,656.6660513189554
4,18,0.06875,0.16250000000000003,0.1,0.01,0.002,0.0036896923792101017,0.08250402975976719,0.2029231928175622,0.018131933669479613,3.626386733895923e-05,101.74569481854927,2275.1029003222425
4,19,0.06875,0.16250000000000003,0.1,0.1,0.002,0.003414784372931808,0.07635689986379515,0.18922839533580801,0.017995599532012227,3.5991199064024455e-05,94.87831641444552,2121.543650934343
4,20,0.06875,0.16250000000000003,0.1,1.0,0.002,0.0014409656864338878,0.03222097228110819,0.08444906653496222,0.017016778503479935,3.403355700695987e-05,42.339555813669726,946.7412493651192
4,21,0.06875,0.18125000000000002,0.1,0.01,0.002,0.004404368757356479,0.09848467939425365,0.2375696274370292,0.01848722566974423,3.6974451339488456e-05,119.1192457980477,2663.5873103294084
4,22,0.06875,0.18125000000000002,0.1,0.1,0.002,0.0040977412242160696,0.09162827931550338,0.2228658705042953,0.018335127924080732,3.667025584816146e-05,111.74564042267292,2498.7084817434497
4,23,0.06875,0.18125000000000002,0.1,1.0,0.002,0.001895904091893071,0.04239370428292915,0.10965149815700191,0.017243149954063723,3.448629990812745e-05,54.97557282004208,1229.2911792760392
4,24,0.06875,0.2,0.1,0.01,0.002,0.005119044996900822,0.11446532592950437,0.2709077432223381,0.018842567857950444,3.768513571590089e-05,135.83724457016854,3037.41312735161
4,25,0.06875,0.2,0.1,0.1,0.002,0.004780698116021837,0.10689965967330003,0.25527862778457316,0.018674702989527545,3.734940597905509e-05,127.99930790606872,2862.151535508959
4,26,0.06875,0.2,0.1,1.0,0.002,0.0023509020506584386,0.052567767937159234,0.13420360830202158,0.017469541002655804,3.493908200531161e-05,67.28574180343499,1504.5549258897993
5,6,0.06875,0.08750000000000001,1.0,0.01,0.002,0.0016670590689024164,0.03727657400573309,0.10201172953377756,0.01629780755010755,3.25956151002151e-05,51.14366039042519,1143.6070125115416
5,7,0.06875,0.08750000000000001,1.0,0.1,0.002,0.0015189758872118965,0.03396533339988854,0.09337074496202558,0.01622447804229483,3.2448956084589664e-05,46.811240498836064,1046.731158664886
5,8,0.06875,0.08750000000000001,1.0,1.0,0.002,0.0004550921221665868,0.010176169211891269,0.028913836286605037,0.01569793536632873,3.1395870732657465e-05,14.495285894179947,324.12444612680184
5,9,0.06875,0.10625000000000001,1.0,0.01,0.002,0.002381649614994194,0.05325530437713221,0.14262965223713928,0.016652833225505113,3.330566645101023e-05,71.50884125070417,1598.9863002881561
5,10,0.06875,0.10625000000000001,1.0,0.1,0.002,0.0022018491466743633,0.049234843681637816,0.1325718937121584,0.01656376167081428,3.312752334162856e-05,66.46585450918649,1486.2216886515191
5,11,0.06875,0.10625000000000001,1.0,1.0,0.002,0.0009101842907263481,0.02035233946116546,0.05700538460403235,0.01592421133442888,3.184842266885776e-05,28.578630100144665,639.037596077451
5,12,0.06875,0.125,1.0,0.01,0.002,0.0030962798517257446,0.06923492225821735,0.18155187763229383,0.017007937262526078,3.401587452505216e-05,91.02455529830294,2035.3709326869405
5,13,0.06875,0.125,1.0,0.1,0.002,0.0028847618918799722,0.06450523689144516,0.17019959860886374,0.01690311696560463,3.3806233931209264e-05,85.33224664273578,1908.087041659354
5,14,0.06875,0.125,1.0,1.0,0.002,0.0013652764159141483,0.030528508740613115,0.08430908389202763,0.016150514118074753,3.2301028236149504e-05,42.26727415402236,945.1249823201391
5,15,0.06875,0.14375000000000002,1.0,0.01,0.002,0.003810927505392528,0.0852149295938139,0.21888082931867323,0.017363111095061626,3.472622219012325e-05,109.74206997029532,2453.9072844511866
5,16,0.06875,0.14375000000000002,1.0,0.1,0.002,0.003567691627370282,0.079776010015568,0.20634515436460962,0.017242536301415978,3.4485072602831956e-05,103.45611472128085,2313.349052048007
5,17,0.06875,0.14375000000000002,1.0,1.0,0.002,0.0018203685359003971,0.04070467790375054,0.11085749827767352,0.016376841637848697,3.27536832756974e-05,55.57752148293733,1242.7511605680277
5,18,0.06875,0.16250000000000003,1.0,0.01,0.002,0.004525584262313261,0.10119514048435693,0.254711594614254,0.01771834715986234,3.5436694319724684e-05,127.70898497138437,2855.659717335145
5,19,0.06875,0.16250000000000003,1.0,0.1,0.002,0.0042506300823536,0.09504697811348178,0.24109369271499032,0.017582013022394954,3.516402604478991e-05,120.88007433902455,2702.9606334728683
5,20,0.06875,0.16250000000000003,1.0,1.0,0.002,0.0022754608044162268,0.05088085038811037,0.1366814404096733,0.016603191993862666,3.320638398772533e-05,68.52479948606708,1532.2610979538863
5,21,0.06875,0.18125000000000002,1.0,0.01,0.002,0.005240246500071334,0.11717547393014859,0.2891321134193527,0.018073639160126956,3.614727832025391e-05,144.96932393206316,3241.6126296428033
5,22,0.06875,0.18125000000000002,1.0,0.1,0.002,0.004933573593643228,0.1103180592738418,0.2745242132171806,0.01792154141446346,3.584308282892692e-05,137.64367359778606,3077.806108374427
5,23,0.06875,0.18125000000000002,1.0,1.0,0.002,0.002730552907358273,0.06105701917012784,0.16181005434208712,0.016829563444446454,3.365912688889291e-05,81.12369986220055,1813.9810747817078
5,24,0.06875,0.2,1.0,0.01,0.002,0.005954911982060834,0.1331558799191603,0.3222236776148814,0.018428981348333175,3.685796269666635e-05,161.56378558056957,3612.676072603538
5,25,0.06875,0.2,1.0,0.1,0.002,0.005616520389434105,0.12558921387788247,0.30670999175484276,0.018261116479910276,3.652223295982055e-05,153.78359794191786,3438.7057882262507
5,26,0.06875,0.2,1.0,1.0,0.002,0.003185645068310469,0.07123318924929169,0.18627097915030086,0.017055954493038532,3.411190898607706e-05,93.38806191147805,2088.2205472102382
6,7,0.08750000000000001,0.08750000000000001,0.01,0.1,0.002,0.00014809310831383356,0.003311462571889711,0.008661696246570904,0.017050596996490627,3.4101193992981256e-05,4.342754342980315,97.1069392048642
6,8,0.08750000000000001,0.08750000000000001,0.01,1.0,0.002,0.0012123970129913726,0.02711002136766405,0.0731732840001551,0.016524054320524527,3.304810864104906e-05,36.68582145380187,820.3199058112116
6,9,0.08750000000000001,0.10625000000000001,0.01,0.01,0.002,0.0007146765710794814,0.015980653948601806,0.04077484462295732,0.01747895217970091,3.495790435940182e-05,20.443919170093825,457.13992990840876
6,10,0.08750000000000001,0.10625000000000001,0.01,0.1,0.002,0.0005349544378148715,0.011961944878192368,0.030677565911387532,0.017389880625010075,3.4779761250020154e-05,15.38119925462575,343.9340710881227
6,11,0.08750000000000001,0.10625000000000001,0.01,1.0,0.002,0.0007582510880922038,0.01695500976987349,0.045145042219528274,0.01675033028862468,3.350066057724936e-05,22.633914526662792,506.1097147853798
6,12,0.08750000000000001,0.125,0.01,0.01,0.002,0.0014293531236406834,0.031961307483122293,0.07992459919011434,0.017834056216721877,3.566811243344376e-05,40.07369681554744,896.0751018928092
6,13,0.08750000000000001,0.125,0.01,0.1,0.002,0.00121790020948076,0.027233076582102136,0.06850395552344334,0.017729235919800426,3.545847183960085e-05,34.34722779340368,768.0273618472074
6,14,0.08750000000000001,0.125,0.01,1.0,0.002,0.00030692132162014695,0.006862969388867245,0.01802984873561928,0.01697663307227055,3.3953266144541096e-05,9.039522746164225,202.12987344578784
6,15,0.08750000000000001,0.14375000000000002,0.01,0.01,0.002,0.0021440297207886566,0.0479419620146333,0.11754406498378217,0.018189230049257425,3.637846009851485e-05,58.936791578931796,1317.8667234622865
6,16,0.08750000000000001,0.14375000000000002,0.01,0.1,0.002,0.0019008540253477736,0.042504388159817295,0.10490843056018488,0.018068655255611778,3.6137310511223555e-05,52.60087146655269,1176.1912427494085
6,17,0.08750000000000001,0.14375000000000002,0.01,1.0,0.002,0.00016635612525834267,0.00371983604551124,0.009643806094126375,0.017202960592044493,3.4405921184088983e-05,4.83510162010352,108.11615900670836
6,18,0.08750000000000001,0.16250000000000003,0.01,0.01,0.002,0.0028587062805913686,0.06392261571107888,0.15372086557369297,0.018544466114058137,3.708893222811628e-05,77.07707148345048,1723.4957134360584
6,19,0.08750000000000001,0.16250000000000003,0.01,0.1,0.002,0.002583809465969602,0.057775736068154594,0.13996902434470113,0.018408131976590754,3.681626395318151e-05,70.18119680083183,1569.299267889507
6,20,0.08750000000000001,0.16250000000000003,0.01,1.0,0.002,0.0006126710996216642,0.013699742266035866,0.03505552005544327,0.01742931094805846,3.4858621896116924e-05,17.575884137000628,393.00871694993623
6,21,0.08750000000000001,0.18125000000000002,0.01,0.01,0.002,0.003573382919280732,0.0799032711714836,0.18853611964241213,0.018899758114322755,3.779951622864551e-05,94.53514954174796,2113.870206384565
6,22,0.08750000000000001,0.18125000000000002,0.01,0.1,0.002,0.0032667654668190236,0.0730470965035617,0.1737584672097532,0.018747660368659255,3.749532073731851e-05,87.12461722104067,1948.1656661989573
6,23,0.08750000000000001,0.18125000000000002,0.01,1.0,0.002,0.0010664309600315685,0.023846121199409487,0.0602356959529293,0.01765568239864225,3.5311364797284504e-05,30.20078567208421,675.3100973668197
6,24,0.08750000000000001,0.2,0.01,0.01,0.002,0.004288059346767216,0.0958839219092484,0.22206499749233155,0.01925510030252897,3.8510200605057944e-05,111.34866293591887,2489.8317952842594
6,25,0.08750000000000001,0.2,0.01,0.1,0.002,0.003949721802338942,0.08831846442242862,0.20634440909278315,0.01908723543410607,3.817447086821214e-05,103.46500455695569,2313.5478348167844
6,26,0.08750000000000001,0.2,0.01,1.0,0.002,0.001520987152867229,0.03401030666714988,0.08482227342485554,0.01788207344723433,3.576414689446866e-05,42.528266013314784,950.9609377096583
7,8,0.08750000000000001,0.08750000000000001,0.1,1.0,0.002,0.0010643046260777882,0.023798574926774296,0.06452195756088681,0.016450724812711807,3.290144962542361e-05,32.348259368346454,723.3290690141706
7,9,0.08750000000000001,0.10625000000000001,0.1,0.01,0.002,0.0008627159779792543,0.019290915720368243,0.04942862432609267,0.01740562267188819,3.481124534377638e-05,24.782680695837055,554.1575870056344
7,10,0.08750000000000001,0.10625000000000001,0.1,0.1,0.002,0.000682956907645039,0.01527138071197353,0.03933097483972957,0.017316551117197355,3.463310223439471e-05,19.719772806456337,440.9475249608817
7,11,0.08750000000000001,0.10625000000000001,0.1,1.0,0.002,0.0006102610577295498,0.013645852091041967,0.036493908271473155,0.01667700078081196,3.3354001561623924e-05,18.296487052746834,409.121887993867
7,12,0.08750000000000001,0.125,0.1,0.01,0.002,0.0015773874894505287,0.03527145653269114,0.088566755476441,0.017760726708909158,3.5521453417818314e-05,44.40661452944033,992.962087384584
7,13,0.08750000000000001,0.125,0.1,0.1,0.002,0.001365913697018242,0.030542758779308413,0.07714881158836884,0.017655906411987707,3.531181282397541e-05,38.68149459862444,864.9445139381519
7,14,0.08750000000000001,0.125,0.1,1.0,0.002,0.00016220529235459852,0.0036270206001510923,0.00957000664011157,0.01690330356445783,3.380660712891566e-05,4.798035240154584,107.2873295542518
7,15,0.08750000000000001,0.14375000000000002,0.1,0.01,0.002,0.0022920621894875854,0.05125206864351245,0.12616899213336902,0.018115900541444706,3.6231801082889415e-05,63.26106130478894,1414.5603340628961
7,16,0.08750000000000001,0.14375000000000002,0.1,0.1,0.002,0.0020488706137853103,0.04581413969525672,0.1135387860733555,0.01799532574779906,3.599065149559812e-05,56.92785566929513,1272.945550898407
7,17,0.08750000000000001,0.14375000000000002,0.1,1.0,0.002,0.00030727875279071374,0.006870961792813891,0.017889556267757237,0.017129631084231774,3.4259262168463545e-05,8.96921688738443,200.5577866513066
7,18,0.08750000000000001,0.16250000000000003,0.1,0.01,0.002,0.0030067377538855787,0.06723270008203187,0.16232351240322165,0.018471136606245418,3.694227321249084e-05,81.39016612732287,1819.9394416069476
7,19,0.08750000000000001,0.16250000000000003,0.1,0.1,0.002,0.002731827515968488,0.061085520285099316,0.1485799193828958,0.018334802468778034,3.666960493755607e-05,74.49841689378606,1665.8352439062437
7,20,0.08750000000000001,0.16250000000000003,0.1,1.0,0.002,0.0007594391380936461,0.01698157537551243,0.04363702867196738,0.017355981440245742,3.4711962880491486e-05,21.87831154084517,489.2139183824798
7,21,0.08750000000000001,0.18125000000000002,0.1,0.01,0.002,0.0037214137795916185,0.08321334183571279,0.1971120130803112,0.018826428606510036,3.7652857213020074e-05,98.83483100732079,2210.014006770733
7,22,0.08750000000000001,0.18125000000000002,0.1,0.1,0.002,0.0034147843672527253,0.07635689973680701,0.18234555622660525,0.018674330860846536,3.7348661721693074e-05,91.42989895322889,2044.4346923535666
7,23,0.08750000000000001,0.18125000000000002,0.1,1.0,0.002,0.0012137927860592602,0.027141231802273652,0.06884546668308925,0.01758235289082953,3.516470578165906e-05,34.51735935445651,771.8316192035302
7,24,0.08750000000000001,0.2,0.1,0.01,0.002,0.004436089791385887,0.09919398327831704,0.23061019406927116,0.019181770794716252,3.8363541589432506e-05,115.63295794900849,2585.631544133576
7,25,0.08750000000000001,0.2,0.1,0.1,0.002,0.004097741259058493,0.09162828009460365,0.21490385976980236,0.019013905926293352,3.8027811852586704e-05,107.75643034480194,2409.5070326369823
7,26,0.08750000000000001,0.2,0.1,1.0,0.002,0.001668549034135095,0.037309890641176895,0.09343508252568122,0.017808743939421612,3.561748787884322e-05,46.846342443095565,1047.5160619999526
8,9,0.08750000000000001,0.10625000000000001,1.0,0.01,0.002,0.001926836723565138,0.0430853789543462,0.11384459598488617,0.01687907999592209,3.375815999184418e-05,57.07765838039316,1276.2952413506966
8,10,0.08750000000000001,0.10625000000000001,1.0,0.1,0.002,0.0017470177700904018,0.03906450491822237,0.1037684696093898,0.016790008441231255,3.358001688246251e-05,52.025517920534426,1163.3259463494846
8,11,0.08750000000000001,0.10625000000000001,1.0,1.0,0.002,0.0004550921685603241,0.010176170249286774,0.028103128527337488,0.01615045810484586,3.2300916209691725e-05,14.089141175004071,315.04277411900364
8,12,0.08750000000000001,0.125,1.0,0.01,0.002,0.002641404569348457,0.05906360173141707,0.1528455341345721,0.017234184032943058,3.4468368065886115e-05,76.63271334167678,1713.5595633224436
8,13,0.08750000000000001,0.125,1.0,0.1,0.002,0.0024298678023518794,0.05433349582396826,0.14146632728475378,0.017129363736021606,3.425872747204321e-05,70.92697194706867,1585.9753071186615
8,14,0.08750000000000001,0.125,1.0,1.0,0.002,0.0009101842937479848,0.02035233952873131,0.05542902743515742,0.01637676088849173,3.275352177698346e-05,27.78889854792925,621.37866173015
8,15,0.08750000000000001,0.14375000000000002,1.0,0.01,0.002,0.003356018757459931,0.07504286075444785,0.19027227897750384,0.017589357865478605,3.517871573095721e-05,95.39912665164863,2133.1893218719824
8,16,0.08750000000000001,0.14375000000000002,1.0,0.1,0.002,0.0031127648059995124,0.06960353704183855,0.1777003339017319,0.017468783071832958,3.493756614366592e-05,89.09506727513839,1992.2262688712642
8,17,0.08750000000000001,0.14375000000000002,1.0,1.0,0.002,0.0013652764137341675,0.030528508691867257,0.08200937848417031,0.016603088408265673,3.320617681653135e-05,41.115134129337015,919.3623481721919
8,18,0.08750000000000001,0.16250000000000003,1.0,0.01,0.002,0.0040706548204120325,0.09102260891378502,0.2262166734776494,0.017944593930279317,3.588918786055863e-05,113.42287365843643,2536.212557036341
8,19,0.08750000000000001,0.16250000000000003,1.0,0.1,0.002,0.0037956833540822702,0.08487406000792361,0.21255251932648464,0.017808259792811934,3.561651958562387e-05,106.57086650359703,2382.9970192309834
8,20,0.08750000000000001,0.16250000000000003,1.0,1.0,0.002,0.0018203686822499863,0.04070468117622684,0.10787418341430347,0.01682943876427964,3.365887752855929e-05,54.08286954029938,1209.329727103622
8,21,0.08750000000000001,0.18125000000000002,1.0,0.01,0.002,0.004785303058885635,0.10700262932605961,0.26076430439167764,0.018299885930543935,3.659977186108787e-05,130.74680019995623,2923.5873308768523
8,22,0.08750000000000001,0.18125000000000002,1.0,0.1,0.002,0.004478613548359122,0.10014484339082538,0.24609969143917057,0.018147788184880435,3.629557636976087e-05,123.39282073201665,2759.1473509223456
8,23,0.08750000000000001,0.18125000000000002,1.0,1.0,0.002,0.0022754607851920485,0.05088084995824467,0.13305184046906893,0.01705581021486343,3.411162042972686e-05,66.70632343250041,1491.59873724158
8,24,0.08750000000000001,0.2,1.0,0.01,0.002,0.005499958465166296,0.12298281001537247,0.2939945481720309,0.01865522811875015,3.73104562375003e-05,147.41064623161463,3296.202255810635
8,25,0.08750000000000001,0.2,1.0,0.1,0.002,0.0051615508370294275,0.11541578540918739,0.27841335318069693,0.01848736325032725,3.6974726500654505e-05,139.5967279687129,3121.477731745882
8,26,0.08750000000000001,0.2,1.0,1.0,0.002,0.002730552946144219,0.06105702003740796,0.15756930239855013,0.01728220126345551,3.4564402526911024e-05,78.99899163650451,1766.4711545316143
9,10,0.10625000000000001,0.10625000000000001,0.01,0.1,0.002,0.00017982730883179103,0.004021060867587331,0.010105911172016284,0.01774490630040764,3.548981260081528e-05,5.0670120706036075,113.3018343268163
9,11,0.10625000000000001,0.10625000000000001,0.01,1.0,0.002,0.0014721963805941595,0.03291931183237693,0.08583139813715956,0.01710535596402224,3.421071192804448e-05,43.03319918306979,962.2515866263248
9,12,0.10625000000000001,0.125,0.01,0.01,0.002,0.0007146765525616184,0.015980653534529803,0.039181676995019926,0.018189081892119437,3.6378163784238873e-05,19.64575663577769,439.2924730701649
9,13,0.10625000000000001,0.125,0.01,0.1,0.002,0.0005032464807911314,0.011252933404865119,0.02775025855263287,0.01808426159519799,3.616852319039598e-05,13.913935002045124,311.1250449908657
9,14,0.10625000000000001,0.125,0.01,1.0,0.002,0.0010179599492648815,0.02276227644928512,0.05857327256813568,0.017331658747668115,3.466331749533623e-05,29.367066478903602,656.6675694658385
9,15,0.10625000000000001,0.14375000000000002,0.01,0.01,0.002,0.001429353149709488,0.03196130806603849,0.07686131637917858,0.018544255724654984,3.708851144930997e-05,38.538973225254125,861.7576391471254
9,16,0.10625000000000001,0.14375000000000002,0.01,0.1,0.002,0.0011861856656037696,0.026523917822258627,0.06420325995838173,0.018423680931009337,3.684736186201868e-05,32.19187495825745,719.8322072983685
9,17,0.10625000000000001,0.14375000000000002,0.01,1.0,0.002,0.0005651021301512348,0.012636067772480945,0.03209649600353453,0.01755798626744206,3.511597253488412e-05,16.0924527888232,359.8381836051474
9,18,0.10625000000000001,0.16250000000000003,0.01,0.01,0.002,0.0021440297095121903,0.047941961762483845,0.11312328356758397,0.0188994917894557,3.77989835789114e-05,56.72188790569426,1268.3399716925553
9,19,0.10625000000000001,0.16250000000000003,0.01,0.1,0.002,0.0018691377938475924,0.04179519166357205,0.09933679818767162,0.018763157651988313,3.7526315303976626e-05,49.80872165857226,1113.7568750093365
9,20,0.10625000000000001,0.16250000000000003,0.01,1.0,0.002,0.0001290581918592502,0.002885828900504934,0.007236854270418599,0.017784336623456024,3.556867324691205e-05,3.628422993552468,81.13400464706599
9,21,0.10625000000000001,0.18125000000000002,0.01,0.01,0.002,0.002858706348201526,0.06392261722288796,0.14804580169088424,0.019254783789720314,3.850956757944063e-05,74.23366523927741,1659.9152169398749
9,22,0.10625000000000001,0.18125000000000002,0.01,0.1,0.002,0.002552092426280751,0.0570665215002613,0.133220445667969,0.01910268604405682,3.820537208811364e-05,66.79930823327203,1493.6779405955765
9,23,0.10625000000000001,0.18125000000000002,0.01,1.0,0.002,0.0003580355495234496,0.008005918270959258,0.019824119361013033,0.018010708074039813,3.6021416148079625e-05,9.939518980919834,222.2544010498618
9,24,0.10625000000000001,0.2,0.01,0.01,0.002,0.003573382775688008,0.07990326796065268,0.18170146438819576,0.019610125977926534,3.9220251955853066e-05,91.11065323369834,2037.2961410496052
9,25,0.10625000000000001,0.2,0.01,0.1,0.002,0.003235048036155461,0.07233787319320809,0.1659194235326495,0.019442261109503634,3.888452221900727e-05,83.19629126300866,1860.3256273995923
9,26,0.10625000000000001,0.2,0.01,1.0,0.002,0.000808665949541826,0.018082320342649377,0.04421897144889343,0.01823709912263189,3.647419824526378e-05,22.17090404850317,495.7564857507838
10,11,0.10625000000000001,0.10625000000000001,0.1,1.0,0.002,0.0012923699477594376,0.028898270552679548,0.07574210028207394,0.01701628440933141,3.403256881866282e-05,37.9745047940879,849.135741314722
10,12,0.10625000000000001,0.125,0.1,0.01,0.002,0.0008944409650013741,0.020000307996035825,0.04927872867032535,0.018100010337428606,3.620002067485721e-05,24.708299838696217,552.4943804777182
10,13,0.10625000000000001,0.125,0.1,0.1,0.002,0.0006829567893736551,0.015271378067344988,0.037846546557227134,0.017995190040507154,3.599038008101431e-05,18.976092718007422,424.31833264803345
10,14,0.10625000000000001,0.125,0.1,1.0,0.002,0.0008382045756940113,0.018742824103031772,0.04847961265110334,0.01724258719297728,3.448517438595456e-05,24.30622986889702,543.5038226358954
10,15,0.10625000000000001,0.14375000000000002,0.1,0.01,0.002,0.0016091105349040585,0.03598080539356523,0.08694557258884815,0.018455184169964153,3.6910368339928305e-05,43.595082012860345,974.8156686543409
10,16,0.10625000000000001,0.14375000000000002,0.1,0.1,0.002,0.0013659137061406235,0.03054275898329106,0.07429074926402299,0.018334609376318506,3.6669218752637014e-05,37.249599326203146,832.9263622802059
10,17,0.10625000000000001,0.14375000000000002,0.1,1.0,0.002,0.0003862271642070938,0.008636301939240353,0.02204879399056521,0.017468914712751225,3.493782942550245e-05,11.054698318641739,247.19056911235555
10,18,0.10625000000000001,0.16250000000000003,0.1,0.01,0.002,0.0023237843896507077,0.05196139860311841,0.12318870297485804,0.01881042023476487,3.7620840469529736e-05,61.76854000730822,1381.1865432725654
10,19,0.10625000000000001,0.16250000000000003,0.1,0.1,0.002,0.0020488706083237485,0.04581413957313248,0.1094087851211248,0.018674086097297482,3.7348172194594963e-05,54.85865807966532,1226.6768862054973
10,20,0.10625000000000001,0.16250000000000003,0.1,1.0,0.002,9.986805330285882e-05,0.0022331175596576472,0.005628257362113163,0.01769526506876519,3.539053013753038e-05,2.821886332721316,63.09929664742452
10,21,0.10625000000000001,0.18125000000000002,0.1,0.01,0.002,0.003038459595940788,0.06794202203410146,0.15808688797144474,0.019165712235029483,3.8331424470058965e-05,79.26811064154835,1772.4888384247658
10,22,0.10625000000000001,0.18125000000000002,0.1,0.1,0.002,0.002731827459607985,0.061085519024840156,0.14327146097703727,0.019013614489365987,3.802722897873197e-05,71.83872012172785,1606.3626160876545
10,23,0.10625000000000001,0.18125000000000002,0.1,1.0,0.002,0.0005338479293869886,0.011937202597568143,0.02970577622370042,0.017921636519348978,3.5843273038697956e-05,14.893950360242583,333.038854590099
10,24,0.10625000000000001,0.2,0.1,0.01,0.002,0.0037531351362327394,0.0839226529335934,0.19171331914589063,0.0195210544232357,3.90421088464714e-05,96.13044087837345,2149.542005110676
10,25,0.10625000000000001,0.2,0.1,0.1,0.002,0.0034147843514137407,0.07635689938263654,0.17594467267118882,0.0193531895548128,3.87063791096256e-05,88.22277955120177,1972.7213224046552
10,26,0.10625000000000001,0.2,0.1,1.0,0.002,0.0009870315815615567,0.022070697123107687,0.05423745170921403,0.01814802756794106,3.629605513588212e-05,27.193907929288482,608.0742670375959
11,12,0.10625000000000001,0.125,1.0,0.01,0.002,0.0021866194836599245,0.048894298063890826,0.12488852730060163,0.017460460001043208,3.492092000208642e-05,62.6163194878394,1400.1434687565372
11,13,0.10625000000000001,0.125,1.0,0.1,0.002,0.001975064912289457,0.04416379403853885,0.11348770312854321,0.01735563970412176,3.471127940824352e-05,56.89980161953934,1272.3182432754256
11,14,0.10625000000000001,0.125,1.0,1.0,0.002,0.00045509212518825883,0.01017616927945791,0.02733654464034833,0.016603036856591882,3.3206073713183764e-05,13.705086880162353,306.4550590158354
11,15,0.10625000000000001,0.14375000000000002,1.0,0.01,0.002,0.0029011674845755655,0.06487207709623037,0.16239373496250098,0.017815633833578755,3.5631267667157514e-05,81.42195533642675,1820.6502699320197
11,16,0.10625000000000001,0.14375000000000002,1.0,0.1,0.002,0.002657894537400886,0.059432328626537384,0.1497913969576253,0.017695059039933108,3.5390118079866216e-05,75.10273154225467,1679.348130243991
11,17,0.10625000000000001,0.14375000000000002,1.0,1.0,0.002,0.0009101842451743043,0.020352338442590795,0.05393732756505293,0.016829364376365827,3.365872875273165e-05,27.041551446010455,604.6674725033712
11,18,0.10625000000000001,0.16250000000000003,1.0,0.01,0.002,0.003615766278142984,0.08085099188679125,0.19843367605816983,0.018170869898379467,3.634173979675894e-05,99.49348320592645,2224.7419176668523
11,19,0.10625000000000001,0.16250000000000003,1.0,0.1,0.002,0.003340776187527112,0.07470202652923207,0.18472976735630778,0.018034535760912084,3.606907152182417e-05,92.62162973908885,2071.082602834187
11,20,0.10625000000000001,0.16250000000000003,1.0,1.0,0.002,0.0013652765136900862,0.03052851092694955,0.07983155925987052,0.017055714732379795,3.411142946475959e-05,40.02401937158773,894.9642804763857
11,21,0.10625000000000001,0.18125000000000002,1.0,0.01,0.002,0.0043303908188883685,0.09683048240175372,0.23309107123585648,0.018526161898644086,3.705232379728817e-05,116.87231393582137,2613.344386481926
11,22,0.10625000000000001,0.18125000000000002,1.0,0.1,0.002,0.004023683331062355,0.08997229448188215,0.2183768482569528,0.01837406415298059,3.674812830596118e-05,109.49355835381809,2448.350395774772
11,23,0.10625000000000001,0.18125000000000002,1.0,1.0,0.002,0.0018203686166321017,0.04070467970896634,0.10504690907534059,0.017282086182963584,3.456417236592717e-05,52.666344715564286,1177.6552691043858
11,24,0.10625000000000001,0.2,1.0,0.01,0.002,0.005045029906113052,0.11281029818588167,0.2664432054603126,0.018881504086850305,3.776300817370061e-05,133.59714043190488,2987.3228760532493
11,25,0.10625000000000001,0.2,1.0,0.1,0.002,0.0047066049400016925,0.10524288589080104,0.2508021766239822,0.018713639218427405,3.742727843685481e-05,125.75333116839928,2811.9299688958386
11,26,0.10625000000000001,0.2,1.0,1.0,0.002,0.002275460777584293,0.05088084978813009,0.12960965791870635,0.01750847723155566,3.501695446311132e-05,64.9816870847915,1453.0346961421394
12,13,0.125,0.125,0.01,0.1,0.002,0.00021156160836619483,0.004730661377359999,0.011441192644644108,0.018439365632218957,3.6878731264437914e-05,5.736683478864775,128.27614224141615
12,14,0.125,0.125,0.01,1.0,0.002,0.0017319957699466026,0.03872860278342691,0.09765624634942148,0.01768676278468908,3.537352556937816e-05,48.96305194543405,1094.8471253584387
12,15,0.125,0.14375000000000002,0.01,0.01,0.002,0.0007146765971483228,0.01598065453151882,0.03770802932567362,0.018899359761675952,3.77987195233519e-05,18.907428774321264,422.78296019117874
12,16,0.125,0.14375000000000002,0.01,0.1,0.002,0.0004715422139539165,0.010544004446617072,0.025039605748402385,0.018778784968030305,3.755756993606061e-05,12.555184341177753,280.74245656914366
12,17,0.125,0.14375000000000002,0.01,1.0,0.002,0.001277705606966443,0.02857036592409595,0.07113092495901681,0.017913090304463024,3.582618060892605e-05,35.66401958706433,797.4717214755982
12,18,0.125,0.16250000000000003,0.01,0.01,0.002,0.0014293531569509257,0.031961308227961956,0.0740236314013589,0.019254595826476664,3.850919165295333e-05,37.11719450858186,829.9657005527093
12,19,0.125,0.16250000000000003,0.01,0.1,0.002,0.001154472205001858,0.025814783285182278,0.06021485668215117,0.01911826168900928,3.823652337801856e-05,30.192917739627497,675.1341650486638
12,20,0.125,0.16250000000000003,0.01,1.0,0.002,0.0008243005011889038,0.018431919545455352,0.04531651869232629,0.018139440660476992,3.627888132095399e-05,22.72122158057844,508.0619598600861
12,21,0.125,0.18125000000000002,0.01,0.01,0.002,0.0021440297956402377,0.047941963688365535,0.10902222550694791,0.019609887826741283,3.921977565348256e-05,54.66705915360983,1222.3926039747369
12,22,0.125,0.18125000000000002,0.01,0.1,0.002,0.0018374221502578216,0.04108600831340322,0.09416258690489963,0.019457790081077786,3.891558016215557e-05,47.21559186838665,1055.7727301559887
12,23,0.125,0.18125000000000002,0.01,1.0,0.002,0.0003750054546929606,0.008385376886266775,0.02036193685546944,0.01836581211106078,3.673162422212156e-05,10.209334943242563,228.2876693815433
12,24,0.125,0.2,0.01,0.01,0.002,0.002858706223126691,0.06392261442612962,0.14277390236452978,0.019965230014947502,3.9930460029895e-05,71.5921184225387,1600.8484344601152
12,25,0.125,0.2,0.01,0.1,0.002,0.0025203758788360426,0.05635731793928165,0.12694494708044668,0.019797365146524602,3.9594730293049206e-05,63.654326224277646,1423.3540049943235
12,26,0.125,0.2,0.01,1.0,0.002,0.0001265089172586138,0.0028288253875015674,0.006785451734139337,0.01859220315965286,3.718440631930572e-05,3.4022034982156435,76.07558295297763
13,14,0.125,0.125,0.1,1.0,0.002,0.0015204351922317178,0.03399796445213081,0.08623937413966024,0.017581942487767628,3.516388497553526e-05,43.23854412814561,966.8432391865797
13,15,0.125,0.14375000000000002,0.1,0.01,0.002,0.0009261667463488094,0.02070971803335743,0.04913958543959939,0.018794539464754505,3.758907892950901e-05,24.639250886824193,550.9503989761088
13,16,0.125,0.14375000000000002,0.1,0.1,0.002,0.000682956916767524,0.015271380915958494,0.03646983778907393,0.018673964671108857,3.734792934221772e-05,18.286339531962124,408.8949825310899
13,17,0.125,0.14375000000000002,0.1,1.0,0.002,0.0010662000884744706,0.023840958754452062,0.05970601449416548,0.017808270007541573,3.5616540015083146e-05,29.935532424624867,669.378854441103
13,18,0.125,0.16250000000000003,0.1,0.01,0.002,0.0016408340937305473,0.03669016573380765,0.0854414824806417,0.019149775529555216,3.829955105911043e-05,42.84212342850001,957.9790028656236
13,19,0.125,0.16250000000000003,0.1,0.1,0.002,0.0013659138189504839,0.030542761505796222,0.07163639555888612,0.019013441392087833,3.8026882784175666e-05,35.919689412956274,803.1886725804974
13,20,0.125,0.16250000000000003,0.1,1.0,0.002,0.000613236964093128,0.01371239538027832,0.033909318339906305,0.01803462036355554,3.6069240727111086e-05,17.00165991107749,380.16867291502297
13,21,0.125,0.18125000000000002,0.1,0.01,0.002,0.0023555071104104128,0.05267074020361785,0.12042003871579852,0.019505067529819835,3.901013505963967e-05,60.3819265636803,1350.1809240878943
13,22,0.125,0.18125000000000002,0.1,0.1,0.002,0.002048870670234689,0.0458141409575032,0.1055680205676928,0.019352969784156335,3.870593956831267e-05,52.934270375186415,1183.6462689827013
13,23,0.125,0.18125000000000002,0.1,1.0,0.002,0.00017191429553896828,0.003844120511291219,0.009388194689350498,0.01826099181413933,3.652198362827866e-05,4.707145627376507,105.25497602804765
13,24,0.125,0.2,0.1,0.01,0.002,0.003070181601695357,0.06865134764660001,0.15414586274302206,0.01986040971802605,3.97208194360521e-05,77.29401470778183,1728.3467114046869
13,25,0.125,0.2,0.1,0.1,0.002,0.0027318275620404234,0.0610855213152991,0.13832840479299832,0.01969254484960315,3.9385089699206304e-05,69.36197385619958,1550.980885960255
13,26,0.125,0.2,0.1,1.0,0.002,0.00031187680642582655,0.006973777397736914,0.01682282365891196,0.01848738286273141,3.697476572546282e-05,8.43485551041778,188.6091030168284
14,15,0.125,0.14375000000000002,1.0,0.01,0.002,0.002446405858002238,0.05470329799046702,0.13521964793255103,0.018041936617224627,3.6083873234449255e-05,67.79776223320327,1516.0040507581045
14,16,0.125,0.14375000000000002,1.0,0.1,0.002,0.0022031159662572377,0.049263170628663165,0.12259256323895167,0.01792136182357898,3.584272364715796e-05,61.46619849387275,1374.4259815079467
14,17,0.125,0.14375000000000002,1.0,1.0,0.002,0.00045509211998669087,0.010176169163147316,0.0266105919870101,0.0170556671600117,3.41113343200234e-05,13.341375500504862,298.32222532479153
14,18,0.125,0.16250000000000003,1.0,0.01,0.002,0.0031609364002886486,0.07068068663598905,0.17133743777508686,0.018397172682025342,3.6794345364050686e-05,85.90821141166408,1920.9660054190408
14,19,0.125,0.16250000000000003,1.0,0.1,0.002,0.0028859274002270914,0.06453129845037019,0.15759989829953977,0.018260838544557956,3.652167708911591e-05,79.01957495503807,1766.9314115260502
14,20,0.125,0.16250000000000003,1.0,1.0,0.002,0.0009101843885023072,0.020352341647502367,0.05252367046447947,0.017282017516025663,3.4564035032051326e-05,26.333279307762844,588.8300260264632
14,21,0.125,0.18125000000000002,1.0,0.01,0.002,0.003875520871118456,0.08665928116040068,0.20608800396235644,0.018752464682289957,3.7504929364579914e-05,103.33364005155393,2310.6104351776944
14,22,0.125,0.18125000000000002,1.0,0.1,0.002,0.0035687944539467484,0.07980066996749173,0.19133083537280496,0.01860036693662646,3.720073387325292e-05,95.93344223009234,2145.1369814203554
14,23,0.125,0.18125000000000002,1.0,1.0,0.002,0.0013652764914443177,0.03052851042951904,0.0777661931582442,0.017508388966609452,3.5016777933218906e-05,38.98920951687958,871.8252286872448
14,24,0.125,0.2,1.0,0.01,0.002,0.004590133826998246,0.10263851262989337,0.23954610801111645,0.019107806870496173,3.8215613740992346e-05,120.11147742145495,2685.7742839230445
14,25,0.125,0.2,1.0,0.1,0.002,0.0042516903945575835,0.09507068741513659,0.2238524439226722,0.018939942002073273,3.787988400414655e-05,112.24137840792145,2509.7935200838947
14,26,0.125,0.2,1.0,1.0,0.002,0.0018203686523964862,0.040704680508682284,0.10236378404188315,0.017734780015201533,3.546956003040307e-05,51.32199696968725,1147.594739652589
15,16,0.14375000000000002,0.14375000000000002,0.01,0.1,0.002,0.00024329582693854727,0.005440260076766163,0.01267938026998675,0.019133958800565853,3.826791760113171e-05,6.357697052513571,142.16242789770396
15,17,0.14375000000000002,0.14375000000000002,0.01,1.0,0.002,0.001991795212112195,0.04453789491541481,0.10872730433534807,0.01826826413699857,3.653652827399714e-05,54.51517443516234,1218.996358422817
15,18,0.14375000000000002,0.16250000000000003,0.01,0.01,0.002,0.0007146765598030987,0.01598065369645422,0.03634096158003898,0.019609769659012212,3.921953931802442e-05,18.222461870546482,407.4666345993991
15,19,0.14375000000000002,0.16250000000000003,0.01,0.1,0.002,0.00043984220451097697,0.009835170686599093,0.022522516745360394,0.01947343552154483,3.8946871043089656e-05,11.293390013907631,252.5278776751476
15,20,0.14375000000000002,0.16250000000000003,0.01,1.0,0.002,0.0015374693252811927,0.03437885924649483,0.08289899007592287,0.01849461449301254,3.698922898602508e-05,41.565325026430386,929.4289226597159
15,21,0.14375000000000002,0.18125000000000002,0.01,0.01,0.002,0.0014293531984922983,0.031961309156855286,0.07138756499582963,0.01996506165927683,3.9930123318553664e-05,35.796363239082325,800.4310154986263
15,22,0.14375000000000002,0.18125000000000002,0.01,0.1,0.002,0.0011227598214479703,0.02510567283163188,0.05650600243127468,0.019812963913613334,3.962592782722667e-05,28.333969272424977,633.5668136553251
15,23,0.14375000000000002,0.18125000000000002,0.01,1.0,0.002,0.001083786879474361,0.024234211356270425,0.05772981299573221,0.01872098594359633,3.7441971887192655e-05,28.945774617310672,647.2471970569462
15,24,0.14375000000000002,0.2,0.01,0.01,0.002,0.0021440296259787254,0.047941959894618795,0.1052074750234672,0.02032040384748305,4.06408076949661e-05,52.755586012733,1179.6507651730808
15,25,0.14375000000000002,0.2,0.01,0.1,0.002,0.0018057071569973911,0.04037683950504052,0.08934483740815427,0.02015253897906015,4.03050779581203e-05,44.800984106112956,1001.7804592015623
15,26,0.14375000000000002,0.2,0.01,1.0,0.002,0.0006321341861396971,0.014134950111098681,0.03326918360871428,0.018947376992188406,3.789475398437681e-05,16.68131125485898,373.00545919697
16,17,0.14375000000000002,0.14375000000000002,0.1,1.0,0.002,0.0017485005703539967,0.0390976613400869,0.09608131277987988,0.018147689343352924,3.629537868670585e-05,48.17419279315666,1077.2076984667874
16,18,0.14375000000000002,0.16250000000000003,0.1,0.01,0.002,0.0009578929289274032,0.021419137042480482,0.04901006552693552,0.019489194865366564,3.897838973073313e-05,24.574974377972758,549.513132544627
16,19,0.14375000000000002,0.16250000000000003,0.1,0.1,0.002,0.0006829569021835185,0.01527138058985022,0.03518954153751521,0.01935286072789918,3.8705721455798365e-05,17.644856535317395,394.55098666201116
16,20,0.14375000000000002,0.16250000000000003,0.1,1.0,0.002,0.0012942201572371346,0.02893964249432699,0.0702416619599491,0.018374039699366893,3.6748079398733784e-05,35.21871560127654,787.5144216468672
16,21,0.14375000000000002,0.18125000000000002,0.1,0.01,0.002,0.0016725580117041745,0.03739953410482423,0.08404226384347256,0.019844486865631183,3.9688973731262366e-05,42.141629134308594,942.3154742689962
16,22,0.14375000000000002,0.18125000000000002,0.1,0.1,0.002,0.0013659137534676484,0.030542760041555508,0.06916475470073245,0.019692389119967686,3.938477823993537e-05,34.68126048968429,775.4965600031172
16,23,0.14375000000000002,0.18125000000000002,0.1,1.0,0.002,0.0008408184222260935,0.018801271488316652,0.045078328118567386,0.01860041114995068,3.7200822299901364e-05,22.60214614203092,505.3993521096576
16,24,0.14375000000000002,0.2,0.1,0.01,0.002,0.002387229801665779,0.05338008114438023,0.1178412557250665,0.020199829053837402,4.0399658107674805e-05,59.09034663865812,1321.3003189806577
16,25,0.14375000000000002,0.2,0.1,0.1,0.002,0.0020488706452733464,0.045814140399350604,0.10198719363264289,0.020031964185414503,4.0063928370829e-05,51.14003365593955,1143.5259162630791
16,26,0.14375000000000002,0.2,0.1,1.0,0.002,0.000391360458212375,0.008751085882683364,0.0207293381663554,0.01882680219854276,3.765360439708552e-05,10.39370505105395,232.41031032239556
17,18,0.14375000000000002,0.16250000000000003,1.0,0.01,0.002,0.0027061947043491444,0.060512353192746324,0.14490462433095433,0.018623500201799287,3.724700040359857e-05,72.65537291662523,1624.6235277217115
17,19,0.14375000000000002,0.16250000000000003,1.0,0.1,0.002,0.0024311696947324673,0.054362607022592095,0.13113935094444318,0.0184871660643319,3.69743321286638e-05,65.75290356219143,1470.2796208304812
17,20,0.14375000000000002,0.16250000000000003,1.0,1.0,0.002,0.0004550922685162515,0.010176172484369257,0.025922136227474964,0.017508345035799608,3.501669007159922e-05,12.99643877207459,290.6092055977268
17,21,0.14375000000000002,0.18125000000000002,1.0,0.01,0.002,0.003420710030030022,0.07648940158462475,0.17973213538890503,0.0189787922020639,3.79575844041278e-05,90.11927612701369,2015.1282750307657
17,22,0.14375000000000002,0.18125000000000002,1.0,0.1,0.002,0.003113964975300158,0.06963037364324606,0.16493832379128515,0.018826694456400405,3.765338891280081e-05,82.7007890979375,1849.2458621586177
17,23,0.14375000000000002,0.18125000000000002,1.0,1.0,0.002,0.000910184371458088,0.02035234126638204,0.05118208027714288,0.017734716486383396,3.546943297276679e-05,25.66109168299707,573.7994538003593
17,24,0.14375000000000002,0.2,1.0,0.01,0.002,0.004135280892646927,0.09246769182014539,0.21328095648632125,0.019334134390270118,3.8668268780540234e-05,106.94248858454202,2391.3067415803125
17,25,0.14375000000000002,0.2,1.0,0.1,0.002,0.0037968184146957777,0.08489944073482746,0.19754143214381753,0.019166269521847218,3.833253904369444e-05,99.04948926988286,2214.8139114409405
17,26,0.14375000000000002,0.2,1.0,1.0,0.002,0.0013652765324102323,0.030528511345544743,0.07580481438993732,0.017961107534975478,3.5922215069950956e-05,38.00646841381144,849.8504695798099
18,19,0.16250000000000003,0.16250000000000003,0.01,0.1,0.002,0.0002750300210058513,0.006149858228222786,0.013830672367841598,0.01982867158634554,3.965734317269108e-05,6.935160023408805,155.07489247181124
18,20,0.16250000000000003,0.16250000000000003,0.01,1.0,0.002,0.0022515944640016335,0.05034718279269855,0.11911426037396108,0.018849850557813252,3.7699701115626506e-05,59.72446458118865,1335.479627233163
18,21,0.16250000000000003,0.18125000000000002,0.01,0.01,0.002,0.0007146766386897034,0.01598065546041233,0.0350693484501002,0.020320297724077542,4.064059544815509e-05,17.58528955613879,393.2190285154344
18,22,0.16250000000000003,0.18125000000000002,0.01,0.1,0.002,0.0004081474987252768,0.009126455519962278,0.020179090037951312,0.02016819997841405,4.03363999568281e-05,10.118590136009052,226.25855380575086
18,23,0.16250000000000003,0.18125000000000002,0.01,1.0,0.002,0.0017972434547665922,0.04018758536974668,0.09394920105997773,0.01907622200839704,3.815244401679408e-05,47.10690235140572,1053.3423586718786
18,24,0.16250000000000003,0.2,0.01,0.01,0.002,0.001429353066176051,0.031961306198174055,0.06893240146244319,0.02067563991228376,4.135127982456753e-05,34.56611433164995,772.92181363599
18,25,0.16250000000000003,0.2,0.01,0.1,0.002,0.0010910487887910044,0.02439659258505496,0.0530483807211937,0.020507775043860862,4.1015550087721724e-05,26.600857149484312,594.813248460082
18,26,0.16250000000000003,0.2,0.01,1.0,0.002,0.001343394175669755,0.030039206973748664,0.0694005671145005,0.019302613056989118,3.8605226113978236e-05,34.79824653023692,778.1124473940596
19,20,0.16250000000000003,0.16250000000000003,0.1,1.0,0.002,0.001976565782727344,0.04419735452178421,0.10532728456375523,0.01871351642034587,3.742703284069174e-05,52.81118038773207,1180.8938931897262
19,21,0.16250000000000003,0.18125000000000002,0.1,0.01,0.002,0.0009896197187744336,0.02212856963053858,0.04888921931751448,0.02018396358661016,4.036792717322032e-05,24.51499960669116,548.1720558894203
19,22,0.16250000000000003,0.18125000000000002,0.1,0.1,0.002,0.0006829568512846483,0.015271379451716883,0.03399589861436879,0.020031865840946662,4.006373168189332e-05,17.046760813678983,381.17715975565835
19,23,0.16250000000000003,0.18125000000000002,0.1,1.0,0.002,0.0015222539087382516,0.03403863218953492,0.08014781731793337,0.018939887870929657,3.7879775741859313e-05,40.186455144613596,898.5964547810216
19,24,0.16250000000000003,0.2,0.1,0.01,0.002,0.0017042821173174324,0.0381089066715905,0.08273733496084633,0.02053930577481638,4.107861154963276e-05,41.48830870922336,927.7067854532
19,25,0.16250000000000003,0.2,0.1,0.1,0.002,0.001365913743090223,0.030542759809509223,0.06685763815189127,0.02037144090639348,4.074288181278696e-05,33.52521182391025,749.6465259834301
19,26,0.16250000000000003,0.2,0.1,1.0,0.002,0.0010686061650939912,0.023894760263255273,0.05559796935296387,0.019166278919521735,3.833255783904347e-05,27.877246532334627,623.3541827182053
20,21,0.16250000000000003,0.18125000000000002,1.0,0.01,0.002,0.0029659853312103473,0.06632144820853565,0.1540020931753134,0.01920514255807787,3.841028511615574e-05,77.21851900450551,1726.6585761593371
20,22,0.16250000000000003,0.18125000000000002,1.0,0.1,0.002,0.0026592252180793288,0.05946208355107082,0.13917771640707263,0.01905304481241437,3.810608962482874e-05,69.78478359392354,1560.4351991112512
20,23,0.16250000000000003,0.18125000000000002,1.0,1.0,0.002,0.0004550921029425348,0.010176168782028398,0.025268325232824084,0.017961066842397365,3.592213368479473e-05,12.66884943238124,283.2840852751408
20,24,0.16250000000000003,0.2,1.0,0.01,0.002,0.0036804869443862044,0.08229818997948041,0.18762672898511173,0.019560484746284086,3.9120969492568174e-05,94.07964557436104,2103.6848280335853
20,25,0.16250000000000003,0.2,1.0,0.1,0.002,0.0033420062258933147,0.0747295310232497,0.17184776973249433,0.019392619877861186,3.878523975572237e-05,86.16696060001112,1926.7518131617094
20,26,0.16250000000000003,0.2,1.0,1.0,0.002,0.0009101842638944693,0.020352338861186408,0.049907195357589126,0.018187457890989446,3.637491578197889e-05,25.02230573810425,559.5157658418416
21,22,0.18125000000000002,0.18125000000000002,0.01,0.1,0.002,0.0003067643475454553,0.006859459341850088,0.014903895397939942,0.020523491978678664,4.104698395735733e-05,7.4734930065542695,167.1123839202463
21,23,0.18125000000000002,0.18125000000000002,0.01,1.0,0.002,0.0025113939657917684,0.056156476257931756,0.1288785215527358,0.01943151400866166,3.8863028017323315e-05,64.6216749933203,1444.9845810496247
21,24,0.18125000000000002,0.2,0.01,0.01,0.002,0.0007146764274868954,0.015980650737773973,0.033883530657860476,0.02103093191254838,4.206186382509676e-05,16.99107843767195,379.93206397665404
21,25,0.18125000000000002,0.2,0.01,0.1,0.002,0.0003764594198164589,0.008417888534797333,0.017992076233064848,0.02086306704412548,4.172613408825096e-05,9.02214950036458,201.74139585980961
21,26,0.18125000000000002,0.2,0.01,1.0,0.002,0.002057023991823471,0.04599645477065252,0.10434501383906503,0.019657905057253736,3.931581011450747e-05,52.32052921795022,1169.9225995010058
22,23,0.18125000000000002,0.18125000000000002,0.1,1.0,0.002,0.0022046311123113485,0.04929705032439148,0.11402974105461618,0.01927941626299816,3.8558832525996315e-05,57.17577446944196,1278.4891837986918
22,24,0.18125000000000002,0.2,0.1,0.01,0.002,0.0010213468115638396,0.022838008992594135,0.048776194912961264,0.02087883416688488,4.175766833376976e-05,24.45890425203335,546.9177256270522
22,25,0.18125000000000002,0.2,0.1,0.1,0.002,0.0006829568918062171,0.015271380357806704,0.03288042289863153,0.02071096929846198,4.142193859692396e-05,16.487806098407336,368.67855235874384
22,26,0.18125000000000002,0.2,0.1,1.0,0.002,0.0017502957879477253,0.03913780362582671,0.08947892904734205,0.01950580731159024,3.901161462318048e-05,44.866017591276766,1003.2346521379623
23,24,0.18125000000000002,0.2,1.0,0.01,0.002,0.0032257773115495184,0.0721305734890124,0.16256383050285267,0.019786856196867875,3.957371239373575e-05,81.51313375543047,1822.6890813617524
23,25,0.18125000000000002,0.2,1.0,0.1,0.002,0.002887282471277716,0.06456159876020559,0.14675163838077354,0.019618991328444975,3.923798265688995e-05,73.58386634004812,1645.3852718360629
23,26,0.18125000000000002,0.2,1.0,1.0,0.002,0.0004550921609526536,0.01017617007917409,0.024646640413900783,0.018413829341573235,3.682765868314647e-05,12.357347092524199,276.31868120443494
24,25,0.2,0.2,0.01,0.1,0.002,0.0003384984171922704,0.007569054711180002,0.01590669719611798,0.021218409232331696,4.243681846466339e-05,7.976526738783064,178.3605601226364
24,26,0.2,0.2,0.01,1.0,0.002,0.0027711931869860693,0.06196576344885137,0.13807432715918103,0.020013247245459956,4.002649449091991e-05,69.23397170378536,1548.1186708196099
25,26,0.2,0.2,0.1,1.0,0.002,0.0024326964187637596,0.05439674560976062,0.12223514469131133,0.019845382377037056,3.9690764754074115e-05,61.291245805840816,1370.5139204750897
