gamma_1,gamma_2,delta_gamma,reference_noise_level,max_abs_g_difference,rms_g_difference,l2_g_difference,relative_l2_difference,mean_rms_g,sigma_reference,snr_sep,snr_sep_rms
0.01,0.015848931924611134,0.005848931924611134,0.002,4.402920603752136e-05,1.1367247407239276e-05,0.00011367247407239276,0.0006320218365003176,0.017985529535154858,3.597105907030972e-05,3.1601091825015875,0.31601091825015876
0.01,0.025118864315095794,0.015118864315095794,0.002,0.00011381134390830994,2.9379085465312888e-05,0.00029379085465312886,0.001634298064086846,0.017976577290831137,3.5953154581662276e-05,8.171490320434229,0.817149032043423
0.01,0.039810717055349734,0.029810717055349732,0.002,0.00022437795996665955,5.790735308898134e-05,0.0005790735308898134,0.003223809581457588,0.017962398716737965,3.592479743347593e-05,16.11904790728794,1.611904790728794
0.01,0.06309573444801933,0.05309573444801933,0.002,0.0003993622958660126,0.00010303334963751772,0.0010303334963751773,0.0057432278949027535,0.017939972350559552,3.5879944701119103e-05,28.716139474513767,2.8716139474513764
0.01,0.1,0.09000000000000001,0.002,0.000675451010465622,0.0001741776290856293,0.0017417762908562928,0.009728083643743217,0.01790461877840191,3.580923755680382e-05,48.640418218716086,4.864041821871608
0.01,0.15848931924611143,0.14848931924611142,0.002,0.0011075474321842194,0.0002854004080863518,0.0028540040808635184,0.01598939474643803,0.01784935656491505,3.56987131298301e-05,79.94697373219014,7.994697373219013
0.01,0.25118864315095807,0.24118864315095806,0.002,0.0017703361809253693,0.0004557550308802542,0.004557550308802542,0.025655048123209873,0.017764731084949206,3.552946216989841e-05,128.27524061604936,12.827524061604937
0.01,0.3981071705534973,0.3881071705534973,0.002,0.002741355448961258,0.0007048970118673525,0.007048970118673525,0.03995787702043284,0.017641002586471166,3.5282005172942334e-05,199.78938510216418,19.97893851021642
0.01,0.6309573444801934,0.6209573444801934,0.002,0.004041220992803574,0.0010378498698240478,0.01037849869824048,0.059388125177941134,0.01747571365006724,3.495142730013448e-05,296.9406258897057,29.694062588970567
0.01,1.0,0.99,0.002,0.005559023469686508,0.001426459996008958,0.014264599960089578,0.08253608246022728,0.01728286530556311,3.4565730611126223e-05,412.6804123011363,41.26804123011364
0.015848931924611134,0.025118864315095794,0.00926993239048466,0.002,6.978213787078857e-05,1.8011838127784624e-05,0.00018011838127784624,0.001002276494144008,0.01797092741675798,3.594185483351596e-05,5.011382470720041,0.501138247072004
0.015848931924611134,0.039810717055349734,0.0239617851307386,0.002,0.00018034875392913818,4.654010599543284e-05,0.00046540105995432845,0.002591789104097433,0.01795674884266481,3.591349768532962e-05,12.958945520487164,1.2958945520487164
0.015848931924611134,0.06309573444801933,0.047246802523408196,0.002,0.0003553330898284912,9.166610328370437e-05,0.0009166610328370436,0.005111210830734606,0.017934322476486395,3.586864495297279e-05,25.55605415367303,2.5556054153673036
0.015848931924611134,0.1,0.08415106807538887,0.002,0.0006314218044281006,0.00016281038465385176,0.0016281038465385176,0.009096076177576747,0.017898968904328755,3.579793780865751e-05,45.48038088788373,4.548038088788374
0.015848931924611134,0.15848931924611143,0.1426403873215003,0.002,0.001063518226146698,0.0002740331681778691,0.002740331681778691,0.01535741272403418,0.01784370669084189,3.568741338168378e-05,76.78706362017091,7.678706362017091
0.015848931924611134,0.25118864315095807,0.23533971122634695,0.002,0.001726306974887848,0.00044438780058770824,0.004443878005877083,0.0250231301558301,0.01775908121087605,3.55181624217521e-05,125.11565077915051,12.51156507791505
0.015848931924611134,0.3981071705534973,0.3822582386288862,0.002,0.0026973262429237366,0.0006935297994020407,0.006935297994020407,0.03932610879477761,0.017635352712398012,3.527070542479602e-05,196.63054397388805,19.663054397388805
0.015848931924611134,0.6309573444801934,0.6151084125555822,0.002,0.003997191786766052,0.0010264826838271696,0.010264826838271695,0.05875666494347186,0.017470063775994086,3.494012755198817e-05,293.78332471735933,29.378332471735938
0.015848931924611134,1.0,0.9841510680753889,0.002,0.005514994263648987,0.001415092833324303,0.01415092833324303,0.0819051448965042,0.017277215431489953,3.4554430862979906e-05,409.525724482521,40.9525724482521
0.025118864315095794,0.039810717055349734,0.01469185274025394,0.002,0.00011056661605834961,2.852826814888666e-05,0.00028528268148886657,0.0015895136760979073,0.01794779659834109,3.589559319668218e-05,7.947568380489535,0.7947568380489536
0.025118864315095794,0.06309573444801933,0.037976870132923536,0.002,0.00028555095195770264,7.365426640446665e-05,0.0007365426640446666,0.004108939756921292,0.017925370232162674,3.585074046432535e-05,20.544698784606457,2.0544698784606457
0.025118864315095794,0.1,0.0748811356849042,0.002,0.000561639666557312,0.00014479855049938118,0.001447985504993812,0.008093818650437212,0.017890016660005035,3.578003332001007e-05,40.46909325218606,4.046909325218606
0.025118864315095794,0.15848931924611143,0.13337045493101563,0.002,0.0009937360882759094,0.00025602134069114624,0.0025602134069114624,0.014355192916105923,0.01783475444651817,3.566950889303634e-05,71.77596458052962,7.177596458052961
0.025118864315095794,0.25118864315095807,0.22606977883586227,0.002,0.0016565248370170593,0.0004263759875859474,0.004263759875859474,0.02402100786926079,0.017750128966552328,3.550025793310466e-05,120.10503934630395,12.010503934630396
0.025118864315095794,0.3981071705534973,0.3729883062384015,0.002,0.002627544105052948,0.000675518013595163,0.0067551801359516305,0.03832421797171186,0.01762640046807429,3.525280093614858e-05,191.6210898585593,19.16210898585593
0.025118864315095794,0.6309573444801934,0.6058384801650976,0.002,0.003927409648895264,0.0010084709386716834,0.010084709386716835,0.057755254403051806,0.017461111531670365,3.492222306334073e-05,288.776272015259,28.8776272015259
0.025118864315095794,1.0,0.9748811356849042,0.002,0.005445212125778198,0.0013970811239042843,0.013970811239042842,0.08090455355942192,0.017268263187166233,3.4536526374332464e-05,404.52276779710957,40.452276779710964
0.039810717055349734,0.06309573444801933,0.023285017392669596,0.002,0.00017498433589935303,4.512599913070738e-05,0.00045125999130707383,0.002519430308835807,0.01791119165806951,3.582238331613902e-05,12.597151544179031,1.259715154417903
0.039810717055349734,0.1,0.06018928294465027,0.002,0.0004510730504989624,0.00011627028650007206,0.0011627028650007206,0.00650432645122837,0.017875838085911866,3.575167617182373e-05,32.52163225614185,3.252163225614185
0.039810717055349734,0.15848931924611143,0.11867860219076169,0.002,0.0008831694722175598,0.000227493085654078,0.0022749308565407802,0.012765753883750395,0.017820575872425002,3.564115174485e-05,63.82876941875197,6.382876941875197
0.039810717055349734,0.25118864315095807,0.21137792609560835,0.002,0.0015459582209587097,0.0003978477531274435,0.003978477531274435,0.022431713233512285,0.017735950392459163,3.547190078491833e-05,112.15856616756139,11.215856616756138
0.039810717055349734,0.3981071705534973,0.3582964534981476,0.002,0.0025169774889945984,0.0006469898189594421,0.00646989818959442,0.036735275245455945,0.017612221893981123,3.5224443787962244e-05,183.67637622727975,18.367637622727976
0.039810717055349734,0.6309573444801934,0.5911466274248436,0.002,0.003816843032836914,0.000979942804525437,0.00979942804525437,0.05616705279421896,0.017446932957577196,3.489386591515439e-05,280.8352639710948,28.08352639710948
0.039810717055349734,1.0,0.9601892829446502,0.002,0.005334645509719849,0.0013685530428904351,0.01368553042890435,0.07931762672900716,0.017254084613073064,3.4508169226146126e-05,396.5881336450358,39.65881336450358
0.06309573444801933,0.1,0.036904265551980675,0.002,0.0002760887145996094,7.114429039533558e-05,0.0007114429039533558,0.003984912884560854,0.017853411719733453,3.570682343946691e-05,19.924564422804266,1.9924564422804265
0.06309573444801933,0.15848931924611143,0.0953935847980921,0.002,0.0007081851363182068,0.00018236710038873548,0.0018236710038873546,0.010246407938349456,0.017798149506246586,3.5596299012493174e-05,51.232039691747275,5.123203969174728
0.06309573444801933,0.25118864315095807,0.18809290870293874,0.002,0.0013709738850593567,0.00035272179542967586,0.0035272179542967584,0.019912570469114932,0.017713524026280746,3.5427048052561494e-05,99.56285234557467,9.956285234557466
0.06309573444801933,0.3981071705534973,0.335011436105478,0.002,0.0023419931530952454,0.0006018639173277751,0.006018639173277751,0.03421665228435768,0.01758979552780271,3.517959105560542e-05,171.0832614217884,17.108326142178836
0.06309573444801933,0.6309573444801934,0.5678616100321741,0.002,0.003641858696937561,0.0009348169901836881,0.009348169901836881,0.0536495530177675,0.017424506591398783,3.484901318279757e-05,268.2477650888374,26.82477650888374
0.06309573444801933,1.0,0.9369042655519807,0.002,0.005159661173820496,0.001323427305012973,0.01323427305012973,0.07680208637212675,0.017231658246894647,3.44633164937893e-05,384.01043186063373,38.401043186063376
0.1,0.15848931924611143,0.05848931924611142,0.002,0.0004320964217185974,0.0001112228196841095,0.0011122281968410951,0.006261560403937283,0.017762795934088946,3.552559186817789e-05,31.307802019686417,3.1307802019686415
0.1,0.25118864315095807,0.15118864315095806,0.002,0.0010948851704597473,0.00028157754707675275,0.0028157754707675274,0.01592798009315947,0.017678170454123107,3.535634090824622e-05,79.63990046579734,7.963990046579734
0.1,0.3981071705534973,0.29810717055349734,0.002,0.002065904438495636,0.0005307197418306526,0.005307197418306525,0.030232789123779944,0.017554441955645067,3.510888391129013e-05,151.16394561889973,15.116394561889974
0.1,0.6309573444801934,0.5309573444801934,0.002,0.0033657699823379517,0.0008636729333668775,0.008636729333668776,0.04966733758747314,0.01738915301924114,3.477830603848228e-05,248.33668793736572,24.833668793736567
0.1,1.0,0.9,0.002,0.004883572459220886,0.00125228335165382,0.012522833516538202,0.07282281718894773,0.01719630467473701,3.4392609349474015e-05,364.1140859447386,36.411408594473855
0.15848931924611143,0.25118864315095807,0.09269932390484664,0.002,0.0006627887487411499,0.0001703547550588674,0.001703547550588674,0.009666665270721346,0.01762290824063624,3.5245816481272483e-05,48.333326353606736,4.833332635360674
0.15848931924611143,0.3981071705534973,0.2396178513073859,0.002,0.0016338080167770386,0.0004194970314060627,0.0041949703140606275,0.023972382568048616,0.017499179742158203,3.4998359484316405e-05,119.86191284024308,11.986191284024306
0.15848931924611143,0.6309573444801934,0.47246802523408193,0.002,0.0029336735606193542,0.0007524503688145322,0.007524503688145322,0.04340920207970525,0.017333890805754277,3.466778161150855e-05,217.04601039852625,21.704601039852623
0.15848931924611143,1.0,0.8415106807538886,0.002,0.004451476037502289,0.0011410609131963583,0.011410609131963583,0.06656893335255978,0.017141042461250144,3.428208492250029e-05,332.84466676279897,33.2844666762799
0.25118864315095807,0.3981071705534973,0.14691852740253925,0.002,0.0009710192680358887,0.0002491423407810993,0.002491423407810993,0.014306558584849713,0.017414554262192364,3.482910852438473e-05,71.53279292424854,7.153279292424855
0.25118864315095807,0.6309573444801934,0.3797687013292353,0.002,0.0022708848118782043,0.0005820958264494428,0.0058209582644944274,0.033746122832210304,0.017249265325788438,3.449853065157687e-05,168.73061416105153,16.873061416105156
0.25118864315095807,1.0,0.748811356849042,0.002,0.003788687288761139,0.0009707064973488177,0.009707064973488177,0.05691151303430001,0.0170564169812843,3.411283396256861e-05,284.5575651715001,28.455756517150007
0.3981071705534973,0.6309573444801934,0.23285017392669605,0.002,0.0012998655438423157,0.00033295358334869875,0.0033295358334869875,0.019441935555429234,0.017125536827310398,3.4251073654620795e-05,97.20967777714617,9.720967777714616
0.3981071705534973,1.0,0.6018928294465027,0.002,0.0028176680207252502,0.0007215643382253636,0.007215643382253636,0.04261369002081696,0.016932688482806265,3.386537696561253e-05,213.0684501040848,21.30684501040848
0.6309573444801934,1.0,0.36904265551980664,0.002,0.0015178024768829346,0.00038861077308870905,0.0038861077308870906,0.023176567840067393,0.01676739954640234,3.353479909280468e-05,115.88283920033697,11.588283920033698
