state_1,state_2,a1_1,a1_2,gamma_1,gamma_2,reference_noise_level,rms_g_relative,rms_g_gap_percent,max_abs_g_difference,rms_g_difference,l2_g_difference,relative_l2_difference,mean_rms_g,sigma_reference,snr_sep,snr_sep_rms
0,1,0.05,0.05,0.01,0.1,0.002,0.005388357196750678,0.5388357196750678,0.0003377273678779602,8.459191289864351e-05,0.0018915326758810816,0.005388357196750678,0.015699017308959153,3.139803461791831e-05,60.24366489492362,2.6941785983753386
0,2,0.05,0.05,0.01,1.0,0.002,0.04497747276417598,4.497747276417598,0.0027795135974884033,0.0006925298070675929,0.015485437250479519,0.04497747276417597,0.01539725921682253,3.0794518433645064e-05,502.8634327842142,22.488736382087986
0,3,0.05,0.06875,0.01,0.01,0.002,0.044381386165283504,4.4381386165283505,0.00273224338889122,0.0007144075860028619,0.015974639259439267,0.04438138616528351,0.01609700930345645,3.21940186069129e-05,496.19898200621316,22.19069308264175
0,4,0.05,0.06875,0.01,0.1,0.002,0.0372932641502282,3.729326415022819,0.0022678710520267487,0.0005981545446762116,0.01337514222946444,0.0372932641502282,0.016039211324239945,3.207842264847989e-05,416.95136871383085,18.6466320751141
0,5,0.05,0.06875,0.01,1.0,0.002,0.01531753454913357,1.531753454913357,0.001089584082365036,0.0002393235124323665,0.005351436424127875,0.01531753454913357,0.01562415359108191,3.124830718216382e-05,171.25524249782126,7.6587672745667845
0,6,0.05,0.08750000000000001,0.01,0.01,0.002,0.08684177148224242,8.684177148224242,0.005464490503072739,0.0014288151074647079,0.03194927707569754,0.08684177148224241,0.016453085687650613,3.2906171375301225e-05,970.9205216039835,43.42088574112121
0,7,0.05,0.08750000000000001,0.01,0.1,0.002,0.07819846835664673,7.819846835664674,0.0048734694719314575,0.0012808516513689366,0.02864071361553804,0.07819846835664675,0.01637949794012898,3.2758995880257966e-05,874.2854549091418,39.099234178323364
0,8,0.05,0.08750000000000001,0.01,1.0,0.002,0.013945763629980325,1.3945763629980326,0.0006003417074680328,0.00022105541822527145,0.004942949419463529,0.013945763629980323,0.015851080234147302,3.1702160468294606e-05,155.91837737390117,6.972881814990162
0,9,0.05,0.10625000000000001,0.01,0.01,0.002,0.1275025646845131,12.75025646845131,0.008196733891963959,0.0021432227522783427,0.047923917650185666,0.1275025646845131,0.016809252092939788,3.361850418587958e-05,1425.5220097006766,63.75128234225655
0,10,0.05,0.10625000000000001,0.01,0.1,0.002,0.11743819310690914,11.743819310690915,0.007479067891836166,0.0019635509091830254,0.043906333102147616,0.11743819310690917,0.016719866486667748,3.34397329733355e-05,1312.9989147089805,58.71909655345456
0,11,0.05,0.10625000000000001,0.01,1.0,0.002,0.04192473185882455,4.192473185882456,0.0022902712225914,0.0006740673720730585,0.015072604653700021,0.04192473185882455,0.01607803657141762,3.2156073142835235e-05,468.7327518739141,20.96236592941228
0,12,0.05,0.125,0.01,0.01,0.002,0.16647523512020782,16.647523512020783,0.010928977280855179,0.002857630329596475,0.06389855671542848,0.16647523512020782,0.01716549808464333,3.433099616928666e-05,1861.2497114952253,83.2376175601039
0,13,0.05,0.125,0.01,0.1,0.002,0.1551115392664798,15.51115392664798,0.010084662586450577,0.0026462506078355863,0.05917196244620508,0.15511153926647978,0.0170603078297699,3.41206156595398e-05,1734.199729472383,77.55576963323989
0,14,0.05,0.125,0.01,1.0,0.002,0.06921907750230404,6.921907750230404,0.003980197012424469,0.0011286184509562555,0.025236675769986998,0.06921907750230404,0.016305020114125157,3.261004022825032e-05,773.8928131748909,34.609538751152016
0,15,0.05,0.14375000000000002,0.01,0.01,0.002,0.20386232657992298,20.3862326579923,0.013661224395036697,0.003572037952127672,0.07987319679166614,0.203862326579923,0.017521814903487212,3.5043629806974425e-05,2279.25010141985,101.93116328996149
0,16,0.05,0.14375000000000002,0.01,0.1,0.002,0.1913100437153584,19.131004371535838,0.012690264731645584,0.0033289505245404374,0.07443759666606,0.19131004371535837,0.017400814196108977,3.4801628392217955e-05,2138.911312629989,95.6550218576792
0,17,0.05,0.14375000000000002,0.01,1.0,0.002,0.09577673321920309,9.57767332192031,0.005670126527547836,0.0015833837090621936,0.03540553607928815,0.09577673321920309,0.016532028769850833,3.306405753970167e-05,1070.816430705002,47.88836660960154
0,18,0.05,0.16250000000000003,0.01,0.01,0.002,0.23975829621506145,23.975829621506143,0.016393471509218216,0.004286445561065157,0.09584783656393916,0.23975829621506145,0.017878194951887073,3.5756389903774145e-05,2680.5792425320396,119.87914810753072
0,19,0.05,0.16250000000000003,0.01,0.1,0.002,0.22611830576649278,22.611830576649275,0.015295859426259995,0.0040116505257579245,0.08970323277567491,0.22611830576649275,0.01774137884219186,3.548275768438372e-05,2528.0795132548024,113.05915288324637
0,20,0.05,0.16250000000000003,0.01,1.0,0.002,0.12161897799953011,12.161897799953012,0.007360052317380905,0.002038219825506092,0.04557598082919381,0.12161897799953011,0.016759060625505064,3.351812125101013e-05,1359.7415108050038,60.80948899976506
0,21,0.05,0.18125000000000002,0.01,0.01,0.002,0.27425029541497986,27.425029541497988,0.019125718623399734,0.005000853131015532,0.11182247546443393,0.27425029541497986,0.018234631701849316,3.646926340369863e-05,3066.2115169864696,137.12514770748993
0,22,0.05,0.18125000000000002,0.01,0.1,0.002,0.25961462218975057,25.961462218975058,0.017901454120874405,0.004694350539903331,0.10496886917436689,0.25961462218975057,0.018081995922680588,3.616399184536118e-05,2902.579715846038,129.80731109487527
0,23,0.05,0.18125000000000002,0.01,1.0,0.002,0.14677212372521983,14.677212372521986,0.009049981832504272,0.0024930880159936436,0.055747142776518696,0.1467721237252198,0.016986113934421843,3.397222786884369e-05,1640.9622292580061,73.38606186260992
0,24,0.05,0.2,0.01,0.01,0.002,0.3074188604953578,30.74188604953578,0.021857958287000656,0.005715260787657251,0.12779711630340604,0.30741886049535777,0.018591119550856426,3.718223910171285e-05,3437.0473481657236,153.7094302476789
0,25,0.05,0.2,0.01,0.1,0.002,0.29187156301936407,29.187156301936408,0.020507056266069412,0.0053770506940076235,0.12023450870263469,0.29187156301936407,0.018422660427699446,3.6845320855398894e-05,3263.2232780520594,145.93578150968202
0,26,0.05,0.2,0.01,1.0,0.002,0.17126249423379758,17.126249423379758,0.01073991134762764,0.0029479733550838347,0.0659186881782558,0.17126249423379758,0.017213187091970256,3.442637418394051e-05,1914.7728955146858,85.63124711689879
1,2,0.05,0.05,0.1,1.0,0.002,0.039591582293154216,3.9591582293154213,0.002441786229610443,0.0006079383062062625,0.013593913788032852,0.03959158229315421,0.01535524146786579,3.071048293573158e-05,442.6473467213491,19.795791146577105
1,3,0.05,0.06875,0.1,0.01,0.002,0.04976435957102322,4.976435957102322,0.0030699707567691803,0.0007989663726278646,0.017865431209323324,0.04976435957102322,0.016054991554499708,3.2109983108999414e-05,556.382454287751,24.882179785511614
1,4,0.05,0.06875,0.1,0.1,0.002,0.042676244957791265,4.267624495779126,0.002605598419904709,0.0006827001516559906,0.015265639473522104,0.04267624495779126,0.015997193575283203,3.1994387150566406e-05,477.1349237502695,21.33812247889563
1,5,0.05,0.06875,0.1,1.0,0.002,0.009971862571289394,0.9971862571289394,0.0007518567144870758,0.00015538291718483494,0.003474467653675112,0.009971862571289394,0.015582135842125172,3.116427168425034e-05,111.48881285844465,4.985931285644697
1,6,0.05,0.08750000000000001,0.1,0.01,0.002,0.09221654852004053,9.221654852004054,0.005802217870950699,0.0015133720428342453,0.03384002763025096,0.09221654852004053,0.016411067938693874,3.282213587738775e-05,1031.0123557060913,46.108274260020266
1,7,0.05,0.08750000000000001,0.1,0.1,0.002,0.08357471898388659,8.357471898388658,0.005211196839809418,0.0013654003158820335,0.03053127922811913,0.08357471898388658,0.01633748019117224,3.267496038234448e-05,934.3937642420628,41.78735949194329
1,8,0.05,0.08750000000000001,0.1,1.0,0.002,0.019249675008034883,1.9249675008034886,0.000938069075345993,0.00030431931502163464,0.006804786752545479,0.019249675008034883,0.015809062485190564,3.1618124970381124e-05,215.21790931372408,9.624837504017442
1,9,0.05,0.10625000000000001,0.1,0.01,0.002,0.13286502580346915,13.286502580346914,0.008534461259841919,0.002227779023766122,0.049814653359891686,0.13286502580346918,0.01676723434398305,3.35344686879661e-05,1485.4761476441033,66.43251290173458
1,10,0.05,0.10625000000000001,0.1,0.1,0.002,0.12280363836051118,12.280363836051118,0.007816795259714127,0.00204810050501717,0.045796919539700415,0.12280363836051116,0.016677848737711005,3.335569747542201e-05,1372.9864162920192,61.40181918025559
1,11,0.05,0.10625000000000001,0.1,1.0,0.002,0.0472860373006193,4.72860373006193,0.0026279985904693604,0.0007582797841923182,0.016955651434178938,0.04728603730061929,0.016036018822460876,3.2072037644921753e-05,528.673968953877,23.64301865030965
1,12,0.05,0.125,0.1,0.01,0.002,0.1718217442904312,17.18217442904312,0.011266704648733139,0.0029421862596005683,0.06578928478932715,0.17182174429043123,0.01712348033568659,3.424696067137318e-05,1921.025501229953,85.9108721452156
1,13,0.05,0.125,0.1,0.1,0.002,0.1604626928679551,16.046269286795507,0.010422389954328537,0.0027308006543752886,0.06106255896184054,0.1604626928679551,0.01701829008081316,3.403658016162632e-05,1794.0274455270915,80.23134643397755
1,14,0.05,0.125,0.1,1.0,0.002,0.0745841588012219,7.458415880122191,0.004317924380302429,0.0012129623509883685,0.027122662709579512,0.07458415880122189,0.016263002365168415,3.252600473033683e-05,833.876245620857,37.29207940061095
1,15,0.05,0.14375000000000002,0.1,0.01,0.002,0.20918970865212164,20.918970865212167,0.013998951762914658,0.003656593674054414,0.08176392021281377,0.20918970865212158,0.01747979715453047,3.4959594309060943e-05,2338.8120436975987,104.59485432606081
1,16,0.05,0.14375000000000002,0.1,0.1,0.002,0.1966438656851162,19.66438656851162,0.013027992099523544,0.003413500837009077,0.07632819912804725,0.1966438656851162,0.017358796447152238,3.471759289430448e-05,2198.54525515129,98.32193284255808
1,17,0.05,0.14375000000000002,0.1,1.0,0.002,0.10113859631430905,10.113859631430905,0.0060078538954257965,0.0016677765678607148,0.03729261777017849,0.10113859631430903,0.01649001102089409,3.298002204178818e-05,1130.7638825385236,50.56929815715453
1,18,0.05,0.16250000000000003,0.1,0.01,0.002,0.24506378767554896,24.506378767554896,0.016731198877096176,0.004371001143002386,0.09773855685482613,0.24506378767554896,0.017836177202930334,3.567235440586067e-05,2739.8964403305126,122.53189383777448
1,19,0.05,0.16250000000000003,0.1,0.1,0.002,0.23143213995505105,23.143213995505103,0.015633586794137955,0.004096201013644576,0.09159383916012814,0.23143213995505102,0.01769936109323512,3.539872218647024e-05,2587.489985588696,115.71606997752552
1,20,0.05,0.16250000000000003,0.1,1.0,0.002,0.12697448120857097,12.697448120857096,0.007697779685258865,0.0021226378465911606,0.047463625165916054,0.12697448120857097,0.016717042876548325,3.343408575309665e-05,1419.6178569506717,63.48724060428548
1,21,0.05,0.18125000000000002,0.1,0.01,0.002,0.27953149698002255,27.953149698002257,0.019463445991277695,0.005085408612231708,0.11371319350312968,0.27953149698002255,0.018192613952892577,3.638522790578516e-05,3125.257145498038,139.76574849001128
1,22,0.05,0.18125000000000002,0.1,0.1,0.002,0.2649061493384238,26.490614933842384,0.018239181488752365,0.004778901152150397,0.10685947833960352,0.2649061493384238,0.01803997817372385,3.60799563474477e-05,2961.7407878921335,132.45307466921193
1,23,0.05,0.18125000000000002,0.1,1.0,0.002,0.15211913579944844,15.211913579944843,0.009387709200382233,0.0025775212686356824,0.05763512770120882,0.15211913579944844,0.016944096185465104,3.3888192370930205e-05,1700.7436416304427,76.05956789972423
1,24,0.05,0.2,0.1,0.01,0.002,0.31267369465964684,31.267369465964684,0.022195685654878616,0.005799816193017888,0.1296878326459204,0.3126736946596469,0.018549101801899687,3.709820360379938e-05,3495.798180174917,156.33684732982343
1,25,0.05,0.2,0.1,0.1,0.002,0.29713876138701467,29.71387613870147,0.020844783633947372,0.005461601399058907,0.12212511994303672,0.29713876138701467,0.018380642678742707,3.676128535748541e-05,3322.1123460572726,148.56938069350736
1,26,0.05,0.2,0.1,1.0,0.002,0.1765993177015326,17.659931770153257,0.0110776387155056,0.00303241679011366,0.06780690078805857,0.1765993177015326,0.017171169343013513,3.434233868602703e-05,1974.4403958035439,88.29965885076628
2,3,0.05,0.06875,1.0,0.01,0.002,0.08929925840471947,8.929925840471947,0.005511756986379623,0.001406752065665435,0.031455932463161605,0.08929925840471947,0.015753233462363087,3.150646692472618e-05,998.3960606663608,44.64962920235973
2,4,0.05,0.06875,1.0,0.1,0.002,0.08221816758867186,8.221816758867186,0.005047384649515152,0.0012904499449305326,0.02885533798425531,0.08221816758867187,0.015695435483146582,3.139087096629316e-05,919.2270585687013,41.10908379433593
2,5,0.05,0.06875,1.0,1.0,0.002,0.029771773146031265,2.9771773146031264,0.0016899295151233673,0.0004549239399583228,0.010172408543388427,0.02977177314603127,0.015280377749988552,3.0560755499977105e-05,332.85854282614343,14.88588657301563
2,6,0.05,0.08750000000000001,1.0,0.01,0.002,0.13166914708397062,13.16691470839706,0.008244004100561142,0.0021210990876076026,0.047429217469033814,0.1316691470839706,0.01610930984655725,3.22186196931145e-05,1472.1058170958827,65.8345735419853
2,7,0.05,0.08750000000000001,1.0,0.1,0.002,0.12304354142161134,12.304354142161133,0.007652983069419861,0.001973092036318138,0.0441196791907084,0.12304354142161135,0.016035722099035622,3.207144419807125e-05,1375.66861405517,61.52177071080566
2,8,0.05,0.08750000000000001,1.0,1.0,0.002,0.058672207684666335,5.867220768466633,0.003379855304956436,0.0009098477839785996,0.020344814941536928,0.058672207684666335,0.015507304393053943,3.101460878610789e-05,655.9752238644974,29.336103842333166
2,9,0.05,0.10625000000000001,1.0,0.01,0.002,0.1722073916857132,17.22073916857132,0.010976247489452362,0.0028354767181935263,0.06340318690498739,0.17220739168571317,0.016465476251846425,3.2930952503692854e-05,1925.3371701859337,86.1036958428566
2,10,0.05,0.10625000000000001,1.0,0.1,0.002,0.16217326010757954,16.217326010757954,0.01025858148932457,0.0026557640078100353,0.05938468853660521,0.16217326010757954,0.01637609064557439,3.275218129114878e-05,1813.152168666513,81.08663005378976
2,11,0.05,0.10625000000000001,1.0,1.0,0.002,0.08673885443728839,8.673885443728839,0.0050697848200798035,0.0013647717511659386,0.030517224093784667,0.08673885443728839,0.015734260730324256,3.146852146064851e-05,969.7698740611806,43.3694272186442
2,12,0.05,0.125,1.0,0.01,0.002,0.2110287109914784,21.102871099147844,0.013708490878343582,0.0035498663617130302,0.07937742495830193,0.2110287109914784,0.01682172224354997,3.364344448709994e-05,2359.3727149055135,105.5143554957392
2,13,0.05,0.125,1.0,0.1,0.002,0.19970933456004292,19.970933456004293,0.01286417618393898,0.003338447479610262,0.07464995503721389,0.1997093345600429,0.016716531988676536,3.3433063977353075e-05,2232.81823908752,99.85466728002146
2,14,0.05,0.125,1.0,1.0,0.002,0.11400712941039648,11.400712941039648,0.006759710609912872,0.0018196956413864859,0.04068963152500262,0.1140071294103965,0.015961244273031798,3.19224885460636e-05,1274.63845640631,57.00356470519824
2,15,0.05,0.14375000000000002,1.0,0.01,0.002,0.24823916418467118,24.823916418467117,0.0164407379925251,0.004264262059180283,0.09535179838200343,0.2482391641846712,0.017178039062393853,3.435607812478771e-05,2775.3982289732794,124.11958209233559
2,16,0.05,0.14375000000000002,1.0,0.1,0.002,0.2357464739459742,23.57464739459742,0.015469778329133987,0.004021136648156172,0.08991534892092856,0.23574647394597423,0.017057038355015618,3.4114076710031237e-05,2635.725705995407,117.87323697298709
2,17,0.05,0.14375000000000002,1.0,1.0,0.002,0.14051050285570174,14.051050285570176,0.00844964012503624,0.0022746195593749993,0.050862039577131174,0.14051050285570177,0.016188252928757474,3.237650585751495e-05,1570.9551796901371,70.25525142785087
2,18,0.05,0.16250000000000003,1.0,0.01,0.002,0.2839364757102438,28.393647571024378,0.01917298510670662,0.004978661165945112,0.11132624803991632,0.2839364757102438,0.01753441911079371,3.506883822158742e-05,3174.5063048991146,141.96823785512188
2,19,0.05,0.16250000000000003,1.0,0.1,0.002,0.27037224653770203,27.037224653770203,0.018075373023748398,0.004703829007778069,0.1051808141592715,0.2703722465377021,0.0173976030010985,3.4795206002197005e-05,3022.8536124381694,135.186123268851
2,20,0.05,0.16250000000000003,1.0,1.0,0.002,0.16628060723235305,16.628060723235304,0.010139565914869308,0.002729543521843984,0.0610344486238733,0.16628060723235305,0.016415284784411704,3.283056956882341e-05,1859.073705557423,83.14030361617652
2,21,0.05,0.18125000000000002,1.0,0.01,0.002,0.31821073353488344,31.821073353488345,0.021905232220888138,0.0056930623670180215,0.12730074452798154,0.31821073353488344,0.017890855860755957,3.5781711721511914e-05,3557.704156770357,159.10536676744172
2,22,0.05,0.18125000000000002,1.0,0.1,0.002,0.30366763326524737,30.366763326524737,0.020680967718362808,0.005386523310513677,0.12044632284695789,0.30366763326524737,0.01773822008158723,3.547644016317446e-05,3395.107352737847,151.83381663262367
2,23,0.05,0.18125000000000002,1.0,1.0,0.002,0.19134736266832306,19.134736266832302,0.011829495429992676,0.0031844675027929733,0.07120685808384089,0.19134736266832303,0.016642338093328483,3.328467618665697e-05,2139.328551208379,95.67368133416153
2,24,0.05,0.2,1.0,0.01,0.002,0.35114508595523264,35.11450859552327,0.02463747188448906,0.006407465075419426,0.14327527472093654,0.35114508595523264,0.018247343709763067,3.6494687419526134e-05,3925.9214108045344,175.57254297761634
2,25,0.05,0.2,1.0,0.1,0.002,0.33570760439374026,33.57076043937403,0.023286569863557816,0.006069219034680444,0.13571186331881127,0.3357076043937402,0.018078884586606087,3.6157769173212176e-05,3753.325119940051,167.8538021968701
2,26,0.05,0.2,1.0,1.0,0.002,0.2157390889211601,21.573908892116012,0.013519424945116043,0.0036393914139005493,0.08137926598210701,0.21573908892116012,0.016869411250876896,3.373882250175379e-05,2412.0363411579287,107.86954446058004
3,4,0.06875,0.06875,0.01,0.1,0.002,0.007094392653310173,0.7094392653310173,0.00046437233686447144,0.00011631388405590774,0.0026008575147603865,0.007094392653310174,0.0163951855697805,3.2790371139561e-05,79.31772115938323,3.547196326655086
3,5,0.06875,0.06875,0.01,1.0,0.002,0.0595882854999463,5.958828549994629,0.003821827471256256,0.0009522284198542988,0.021292474769014226,0.0595882854999463,0.01598012783662247,3.196025567324494e-05,666.2172852027248,29.794142749973147
3,6,0.06875,0.08750000000000001,0.01,0.01,0.002,0.0425013370350064,4.25013370350064,0.0027322471141815186,0.0007144075214621801,0.015974637816265746,0.04250133703500641,0.01680905993319117,3.3618119866382345e-05,475.17939372451826,21.250668517503197
3,7,0.06875,0.08750000000000001,0.01,0.1,0.002,0.03384747718873535,3.3847477188735344,0.0021412260830402374,0.0005664535130471645,0.012666285612670239,0.03384747718873535,0.016735472185669537,3.347094437133907e-05,378.42629930442854,16.923738594367673
3,8,0.06875,0.08750000000000001,0.01,1.0,0.002,0.03075424900391542,3.075424900391542,0.0021319016814231873,0.0004984357890883434,0.011145363068202838,0.030754249003915428,0.01620705447968786,3.241410895937572e-05,343.84295684855044,15.377124501957711
3,9,0.06875,0.10625000000000001,0.01,0.01,0.002,0.08323893539770313,8.323893539770314,0.005464490503072739,0.001428815166275718,0.0319492783907517,0.08323893539770315,0.017165226338480347,3.433045267696069e-05,930.6395896198884,41.61946769885157
3,10,0.06875,0.10625000000000001,0.01,0.1,0.002,0.07315291020964747,7.3152910209647475,0.004746824502944946,0.001249147443837475,0.027931785983406947,0.07315291020964747,0.017075840732208303,3.4151681464416606e-05,817.8743999035506,36.57645510482374
3,11,0.06875,0.10625000000000001,0.01,1.0,0.002,0.003871907646632833,0.38719076466328334,0.00044197216629981995,6.363097214702705e-05,0.0014228317919514823,0.0038719076466328336,0.016434010816958174,3.286802163391635e-05,43.28924350236125,1.9359538233164166
3,12,0.06875,0.125,0.01,0.01,0.002,0.12231978587220209,12.23197858722021,0.008196733891963959,0.002143222743593807,0.047923917455993545,0.12231978587220212,0.017521472330183887,3.5042944660367773e-05,1367.5767810173115,61.15989293610105
3,13,0.06875,0.125,0.01,0.1,0.002,0.11092182303511502,11.092182303511503,0.007352419197559357,0.0019318457582872324,0.04319738437574879,0.11092182303511502,0.017416282075310457,3.4832564150620914e-05,1240.143682473596,55.46091151755751
3,14,0.06875,0.125,0.01,1.0,0.002,0.02500563216121399,2.500563216121399,0.001247953623533249,0.00041661869639786185,0.009315877258429658,0.02500563216121399,0.016660994359665712,3.3321988719331425e-05,279.5714666641473,12.502816080606996
3,15,0.06875,0.14375000000000002,0.01,0.01,0.002,0.1598424918374438,15.984249183744382,0.010928981006145477,0.0028576303661250126,0.0638985575322314,0.15984249183744384,0.017877789149027767,3.575557829805553e-05,1787.0933872073983,79.92124591872191
3,16,0.06875,0.14375000000000002,0.01,0.1,0.002,0.1472420011481288,14.724200114812877,0.009958021342754364,0.002614545064112441,0.05846300493591963,0.1472420011481288,0.017756788441649535,3.551357688329907e-05,1646.2156185515903,73.6210005740644
3,17,0.06875,0.14375000000000002,0.01,1.0,0.002,0.05151943015715229,5.151943015715229,0.002937883138656616,0.0008700602918452339,0.01945513957089249,0.05151943015715228,0.016888003015391388,3.3776006030782776e-05,576.004739967226,25.759715078576146
3,18,0.06875,0.16250000000000003,0.01,0.01,0.002,0.1958980382592054,19.589803825920537,0.013661228120326996,0.0035720379750625027,0.07987319730450454,0.1958980382592054,0.01823416919742763,3.6468338394855266e-05,2190.206651032189,97.94901912960269
3,19,0.06875,0.16250000000000003,0.01,0.1,0.002,0.18219486081990402,18.219486081990404,0.012563616037368774,0.0032972447270280683,0.073728633480875,0.18219486081990405,0.01809735308773242,3.619470617546484e-05,2037.0004697220925,91.09743040995201
3,20,0.06875,0.16250000000000003,0.01,1.0,0.002,0.07738920319016558,7.738920319016558,0.004627808928489685,0.001324518911242119,0.029617143230213888,0.07738920319016558,0.017115034871045622,3.423006974209125e-05,865.2375952887691,38.69460159508279
3,21,0.06875,0.18125000000000002,0.01,0.01,0.002,0.23057051271718693,23.05705127171869,0.016393475234508514,0.004286445545012868,0.09584783620499908,0.23057051271718695,0.018590605947389875,3.718121189477975e-05,2577.8567002130485,115.28525635859346
3,22,0.06875,0.18125000000000002,0.01,0.1,0.002,0.21585589366952723,21.585589366952725,0.015169210731983185,0.003979944528113459,0.08899426511540018,0.2158558936695273,0.018437970168221147,3.687594033644229e-05,2413.342257945147,107.92794683476363
3,23,0.06875,0.18125000000000002,0.01,1.0,0.002,0.10259522316809251,10.259522316809251,0.006317738443613052,0.0017792154070239818,0.0397844659672058,0.10259522316809251,0.0173420881799624,3.46841763599248e-05,1147.0494658530808,51.29761158404626
3,24,0.06875,0.2,0.01,0.01,0.002,0.26393774451074675,26.393774451074677,0.019125714898109436,0.005000853201654582,0.1118224770439711,0.26393774451074675,0.018947093796396985,3.7894187592793973e-05,2950.9136927700083,131.96887225537336
3,25,0.06875,0.2,0.01,0.1,0.002,0.24829518319664387,24.829518319664384,0.017774812877178192,0.004662644536374975,0.10425990138252436,0.24829518319664387,0.018778634673240004,3.755726934648001e-05,2776.0245405672963,124.14759159832194
3,26,0.06875,0.2,0.01,1.0,0.002,0.12715487200606596,12.715487200606596,0.00800766795873642,0.00223400446112511,0.04995385837113532,0.12715487200606596,0.01756916133751081,3.5138322675021625e-05,1421.6346873792427,63.57743600303297
4,5,0.06875,0.06875,0.1,1.0,0.002,0.05249954686266056,5.249954686266056,0.0033574551343917847,0.0008359151025116239,0.018691629926346962,0.05249954686266057,0.015922329857405965,3.184465971481193e-05,586.9627778642241,26.24977343133028
4,6,0.06875,0.08750000000000001,0.1,0.01,0.002,0.049588956317529506,4.9588956317529505,0.00319661945104599,0.0008306775972991437,0.018574515749470808,0.049588956317529506,0.016751261953974667,3.350252390794934e-05,554.421386296318,24.79447815876475
4,7,0.06875,0.08750000000000001,0.1,0.1,0.002,0.040934974252118665,4.093497425211867,0.002605598419904709,0.0006827001642263784,0.015265639754604524,0.040934974252118665,0.01667767420645303,3.3355348412906065e-05,457.66692542470474,20.467487126059332
4,8,0.06875,0.08750000000000001,0.1,1.0,0.002,0.023673355959128176,2.3673355959128175,0.0016675293445587158,0.000382307097610923,0.008548646585386713,0.023673355959128176,0.016149256500471356,3.229851300094271e-05,264.67616590080166,11.836677979564088
4,9,0.06875,0.10625000000000001,0.1,0.01,0.002,0.09031643520574295,9.031643520574296,0.00592886283993721,0.0015450819449463423,0.03454908259707609,0.09031643520574296,0.017107428359263842,3.4214856718527684e-05,1009.7684430274822,45.15821760287148
4,10,0.06875,0.10625000000000001,0.1,0.1,0.002,0.0802325139958532,8.02325139958532,0.005211196839809418,0.0013654003533614424,0.030531280066184188,0.08023251399585318,0.017018042752991798,3.40360855059836e-05,897.026776502155,40.11625699792659
4,11,0.06875,0.10625000000000001,0.1,1.0,0.002,0.005279420120366398,0.5279420120366398,0.00014795735478401184,8.645690755097587e-05,0.0019332352240839692,0.005279420120366398,0.01637621283774167,3.275242567548334e-05,59.025711354596936,2.639710060183199
4,12,0.06875,0.125,0.1,0.01,0.002,0.12938218296354764,12.938218296354764,0.00866110622882843,0.002259488310092676,0.05052369455733347,0.12938218296354764,0.017463674350967382,3.4927348701934765e-05,1446.5367809190384,64.69109148177382
4,13,0.06875,0.125,0.1,0.1,0.002,0.11798844250347859,11.79884425034786,0.007816791534423828,0.002048100502719529,0.045796919488323595,0.1179884425034786,0.017358484096093953,3.4716968192187905e-05,1319.150889985518,58.9942212517393
4,14,0.06875,0.125,0.1,1.0,0.002,0.03202381491040208,3.202381491040208,0.0017123259603977203,0.0005316976878085632,0.011889121734194083,0.03202381491040208,0.016603196380449207,3.320639276089842e-05,358.0371351926519,16.01190745520104
4,15,0.06875,0.14375000000000002,0.1,0.01,0.002,0.16688534098896396,16.688534098896394,0.011393353343009949,0.002973895302794279,0.06649832055015328,0.16688534098896396,0.017819991169811263,3.5639982339622524e-05,1865.834834497777,83.44267049448197
4,16,0.06875,0.14375000000000002,0.1,0.1,0.002,0.15429132475942975,15.429132475942975,0.010422393679618835,0.0027308006853533043,0.06106255965453002,0.15429132475942975,0.01769899046243303,3.539798092486606e-05,1725.0294525029065,77.14566237971488
4,17,0.06875,0.14375000000000002,0.1,1.0,0.002,0.058574465946119286,5.857446594611929,0.0034022554755210876,0.000985820271757631,0.02204361141247379,0.05857446594611927,0.016830205036174883,3.366041007234977e-05,654.8824380063462,29.28723297305964
4,18,0.06875,0.16250000000000003,0.1,0.01,0.002,0.20291742954236514,20.29174295423651,0.014125600457191467,0.0036883025260072296,0.08247295169736352,0.20291742954236516,0.018176371218211126,3.635274243642225e-05,2268.6858313812627,101.45871477118257
4,19,0.06875,0.16250000000000003,0.1,0.1,0.002,0.18922311783495102,18.922311783495104,0.013027988374233246,0.0034135008619887997,0.07632819968661084,0.18922311783495105,0.018039555108515914,3.607911021703183e-05,2115.5787719670166,94.61155891747552
4,20,0.06875,0.16250000000000003,0.1,1.0,0.002,0.08444795068454926,8.444795068454926,0.0050921812653541565,0.0014404486998558597,0.03220941210978894,0.08444795068454927,0.017057236891829117,3.411447378365823e-05,944.1567914560104,42.223975342274635
4,21,0.06875,0.18125000000000002,0.1,0.01,0.002,0.23756302028664544,23.756302028664543,0.016857847571372986,0.004402709835311674,0.09844758476963808,0.23756302028664544,0.01853280796817337,3.706561593634674e-05,2656.035311505504,118.78151014332272
4,22,0.06875,0.18125000000000002,0.1,0.1,0.002,0.22285977293210818,22.285977293210816,0.015633583068847656,0.004096201000494624,0.0915938388660863,0.2228597729321082,0.018380172189004642,3.6760344378009284e-05,2491.6480086318074,111.42988646605409
4,23,0.06875,0.18125000000000002,0.1,1.0,0.002,0.10964980112800432,10.964980112800433,0.006782110780477524,0.0018952189831505015,0.0423783847857255,0.10964980112800433,0.017284290200745896,3.456858040149179e-05,1225.9220452077539,54.824900564002164
4,24,0.06875,0.2,0.1,0.01,0.002,0.2709003741427522,27.090037414275223,0.019590087234973907,0.005117117304167316,0.11442222140958587,0.27090037414275225,0.01888929581718048,3.777859163436096e-05,3028.7582585666014,135.45018707137612
4,25,0.06875,0.2,0.1,0.1,0.002,0.25527177687142405,25.527177687142405,0.018239185214042664,0.004778901247403135,0.10685948046951949,0.25527177687142405,0.0187208366940235,3.7441673388047e-05,2854.0252291083134,127.63588843571202
4,26,0.06875,0.2,0.1,1.0,0.002,0.13420135519201934,13.420135519201935,0.008472040295600891,0.002350048693942967,0.05254868630091073,0.13420135519201937,0.017511363358294306,3.502272671658861e-05,1500.4167644097483,67.10067759600967
5,6,0.06875,0.08750000000000001,1.0,0.01,0.002,0.10200783503933554,10.200783503933554,0.006554074585437775,0.00166642082532596,0.0372623024455015,0.10200783503933555,0.016336204220816632,3.2672408441633266e-05,1140.4822669276962,51.003917519667766
5,7,0.06875,0.08750000000000001,1.0,0.1,0.002,0.09336720069302759,9.336720069302757,0.0059630535542964935,0.0015183949760558708,0.03395234383155092,0.09336720069302756,0.016262616473295,3.252523294659e-05,1043.8770380923756,46.68360034651379
5,8,0.06875,0.08750000000000001,1.0,1.0,0.002,0.028913060699720217,2.8913060699720217,0.0016899257898330688,0.0004549238440207932,0.010172406398160047,0.028913060699720217,0.015734198767313325,3.1468397534626654e-05,323.2578458107601,14.456530349860106
5,9,0.06875,0.10625000000000001,1.0,0.01,0.002,0.14262458550980542,14.262458550980542,0.009286317974328995,0.002380742441724392,0.05323501936614572,0.14262458550980542,0.016692370626105808,3.3384741252211613e-05,1594.5913423132822,71.31229275490271
5,10,0.06875,0.10625000000000001,1.0,0.1,0.002,0.13256721672707766,13.256721672707764,0.008568651974201202,0.0022010115134407267,0.049216113633131574,0.1325672167270777,0.016602985019833767,3.3205970039667534e-05,1482.1465409484642,66.28360836353883
5,11,0.06875,0.10625000000000001,1.0,1.0,0.002,0.05700388256653743,5.700388256653743,0.003379855304956436,0.0009098478112079751,0.020344815550404273,0.05700388256653743,0.015961155104583638,3.1922310209167277e-05,637.3227820009643,28.501941283268714
5,12,0.06875,0.125,1.0,0.01,0.002,0.18154573897570486,18.154573897570486,0.012018561363220215,0.0030951037023936806,0.06920862275963549,0.1815457389757049,0.01704861661780935,3.40972332356187e-05,2029.7430668755458,90.77286948785243
5,13,0.06875,0.125,1.0,0.1,0.002,0.17019388847069197,17.019388847069198,0.011174246668815613,0.002883667616724898,0.06448076815511682,0.17019388847069197,0.01694342636293592,3.3886852725871834e-05,1902.8255198774252,85.096944235346
5,14,0.06875,0.125,1.0,1.0,0.002,0.08430689476809376,8.430689476809375,0.005069781094789505,0.001364771701428489,0.030517222981621482,0.08430689476809376,0.016188138647291177,3.237627729458235e-05,942.5797383668952,42.153447384046885
5,15,0.06875,0.14375000000000002,1.0,0.01,0.002,0.21887371147760568,21.887371147760568,0.014750808477401733,0.003809482379300971,0.0851826155920461,0.21887371147760568,0.017404933436653232,3.4809866873306466e-05,2447.082486758011,109.43685573880282
5,16,0.06875,0.14375000000000002,1.0,0.1,0.002,0.20633849210714203,20.633849210714207,0.01377984881401062,0.0035663406170398835,0.07974580050619724,0.20633849210714206,0.017283932729275,3.456786545855e-05,2306.9344736318667,103.16924605357102
5,17,0.06875,0.14375000000000002,1.0,1.0,0.002,0.11085466282002578,11.085466282002576,0.006759710609912872,0.0018196956194169887,0.04068963103374973,0.11085466282002576,0.016415147303016853,3.28302946060337e-05,1239.3928084419808,55.42733141001289
5,18,0.06875,0.16250000000000003,1.0,0.01,0.002,0.2547035831144714,25.47035831144714,0.017483055591583252,0.004523870185462402,0.1011568125607851,0.2547035831144714,0.017761313485053092,3.5522626970106186e-05,2847.6726297836276,127.35179155723569
5,19,0.06875,0.16250000000000003,1.0,0.1,0.002,0.24108615727182256,24.108615727182258,0.01638544350862503,0.004249022346072355,0.0950110280373342,0.24108615727182256,0.017624497375357883,3.5248994750715765e-05,2695.4251804700025,120.54307863591129
5,20,0.06875,0.16250000000000003,1.0,1.0,0.002,0.1366779891142339,13.66779891142339,0.008449636399745941,0.002274619581885977,0.050862040080491944,0.13667798911423393,0.016642179158671087,3.3284358317342176e-05,1528.1063734370164,68.33899455711695
5,21,0.06875,0.18125000000000002,1.0,0.01,0.002,0.28912327884750205,28.912327884750205,0.02021530270576477,0.005238263353287736,0.11713112941997375,0.2891232788475021,0.01811775023501534,3.623550047003068e-05,3232.4965269032086,144.56163942375102
5,22,0.06875,0.18125000000000002,1.0,0.1,0.002,0.27451587665103555,27.451587665103556,0.01899103820323944,0.004931709143982924,0.11027636891203116,0.27451587665103555,0.01796511445584661,3.593022891169322e-05,3069.180805473314,137.25793832551778
5,23,0.06875,0.18125000000000002,1.0,1.0,0.002,0.1618060316661976,16.180603166619758,0.010139565914869308,0.0027295435628349705,0.06103444954045963,0.16180603166619761,0.016869232467587866,3.3738464935175735e-05,1809.0464298755066,80.90301583309878
5,24,0.06875,0.2,1.0,0.01,0.002,0.3222141036764463,32.22141036764464,0.022947542369365692,0.005952660065348563,0.13310552553067725,0.3222141036764463,0.01847423808402245,3.69484761680449e-05,3602.463195648494,161.10705183822316
5,25,0.06875,0.2,1.0,0.1,0.002,0.3067009225270506,30.67009225270506,0.021596640348434448,0.005614399294873713,0.1255417847616451,0.3067009225270506,0.01830577896086547,3.6611557921730936e-05,3429.020557661909,153.35046126352532
5,26,0.06875,0.2,1.0,1.0,0.002,0.18626641005180086,18.626641005180087,0.011829495429992676,0.003184467473942543,0.07120685743872567,0.18626641005180086,0.017096305625136275,3.419261125027255e-05,2082.521774003384,93.13320502590042
6,7,0.08750000000000001,0.08750000000000001,0.01,0.1,0.002,0.008661343661721348,0.8661343661721348,0.0005910210311412811,0.00014803577587459155,0.0033101805795751013,0.00866134366172135,0.017091548569863703,3.418309713972741e-05,96.83676602047939,4.330671830860673
6,8,0.08750000000000001,0.08750000000000001,0.01,1.0,0.002,0.07317016795636373,7.3170167956363725,0.004864148795604706,0.0012119270671934795,0.027099513060165756,0.07317016795636372,0.016563130863882024,3.312626172776405e-05,818.0673473775308,36.58508397818186
6,9,0.08750000000000001,0.10625000000000001,0.01,0.01,0.002,0.04077366027637797,4.0773660276377965,0.00273224338889122,0.0007144076448139068,0.015974640574494207,0.04077366027637797,0.01752130272267451,3.504260544534902e-05,455.86338034732,20.386830138188984
6,10,0.08750000000000001,0.10625000000000001,0.01,0.1,0.002,0.030676778099167593,3.067677809916759,0.0020145773887634277,0.0005347550532229599,0.011957486503180563,0.030676778099167586,0.01743191711640247,3.486383423280494e-05,342.97680580207754,15.338389049583794
6,11,0.08750000000000001,0.10625000000000001,0.01,1.0,0.002,0.04514267154706391,4.514267154706391,0.0031742192804813385,0.0007579493917681816,0.016948263634982738,0.04514267154706392,0.01679008720115234,3.358017440230468e-05,504.71041132590256,22.571335773531956
6,12,0.08750000000000001,0.125,0.01,0.01,0.002,0.0799223229627019,7.99223229627019,0.00546448677778244,0.0014288152221319586,0.03194927963973522,0.07992232296270191,0.01787754871437805,3.57550974287561e-05,893.5587353214693,39.96116148135095
6,13,0.08750000000000001,0.125,0.01,0.1,0.002,0.06850211735588428,6.850211735588428,0.004620172083377838,0.0012174441848838283,0.027222879562120623,0.06850211735588428,0.01777235845950462,3.554471691900924e-05,765.8769550521271,34.25105867794214
6,14,0.08750000000000001,0.125,0.01,1.0,0.002,0.018028264211362437,1.8028264211362435,0.0014842934906482697,0.0003067882474737518,0.0068599937604933705,0.018028264211362433,0.01701707074385988,3.403414148771976e-05,201.56212146466518,9.014132105681217
6,15,0.08750000000000001,0.14375000000000002,0.01,0.01,0.002,0.11754078370042813,11.754078370042812,0.008196733891963959,0.002143222844663131,0.047923919715972325,0.11754078370042813,0.018233865533221934,3.646773106644387e-05,1314.1459124137828,58.77039185021406
6,16,0.08750000000000001,0.14375000000000002,0.01,0.1,0.002,0.10490561735332092,10.490561735332092,0.0072257742285728455,0.0019001412665923848,0.042488450389531224,0.10490561735332092,0.0181128648258437,3.62257296516874e-05,1172.8804581180357,52.45280867666046
6,17,0.08750000000000001,0.14375000000000002,0.01,1.0,0.002,0.00964503724926225,0.9645037249262249,0.00030849501490592957,0.0001663197881382385,0.0037190235228046447,0.00964503724926225,0.017244079399585555,3.448815879917111e-05,107.83479467433988,4.822518624631124
6,18,0.08750000000000001,0.16250000000000003,0.01,0.01,0.002,0.1537166596887581,15.371665968875812,0.010928981006145477,0.002857630453600596,0.06389855948824492,0.1537166596887581,0.018590245581621794,3.718049116324359e-05,1718.604501691324,76.85832984437906
6,19,0.08750000000000001,0.16250000000000003,0.01,0.1,0.002,0.1399653102698603,13.996531026986029,0.009831368923187256,0.0025828399815811883,0.05775405773819842,0.13996531026986028,0.01845342947192658,3.6906858943853166e-05,1564.8597412762851,69.98265513493014
6,20,0.08750000000000001,0.16250000000000003,0.01,1.0,0.002,0.03505604434771891,3.5056044347718904,0.0018955618143081665,0.0006124680509676169,0.013695201960103971,0.0350560443477189,0.017471111255239785,3.494222251047957e-05,391.93849091873375,17.528022173859455
6,21,0.08750000000000001,0.18125000000000002,0.01,0.01,0.002,0.18853105578259483,18.85310557825948,0.013661228120326996,0.0035720380235509737,0.07987319838873973,0.1885310557825948,0.018946682331584037,3.7893364663168075e-05,2107.841282998434,94.26552789129741
6,22,0.08750000000000001,0.18125000000000002,0.01,0.1,0.002,0.17375392045407445,17.375392045407448,0.012436963617801666,0.003265539269678542,0.07301967790196237,0.17375392045407442,0.01879404655241531,3.758809310483062e-05,1942.6278874620077,86.87696022703723
6,23,0.08750000000000001,0.18125000000000002,0.01,1.0,0.002,0.06023561648803149,6.023561648803149,0.003585491329431534,0.0010660598532286037,0.023837822999026065,0.06023561648803148,0.017698164564156564,3.539632912831313e-05,673.4546656692277,30.11780824401574
6,24,0.08750000000000001,0.2,0.01,0.01,0.002,0.22205915609150023,22.205915609150026,0.016393467783927917,0.004286445680192682,0.09584783922771162,0.22205915609150023,0.019303170180591148,3.8606340361182295e-05,2482.6968402341554,111.02957804575011
6,25,0.08750000000000001,0.2,0.01,0.1,0.002,0.20633909487139712,20.63390948713971,0.015042565762996674,0.00394823896021668,0.08828530706457584,0.2063390948713971,0.019134711057434167,3.826942211486834e-05,2306.9412127411106,103.16954743569856
6,26,0.08750000000000001,0.2,0.01,1.0,0.002,0.08482162628148378,8.482162628148378,0.005275420844554901,0.0015204478150372153,0.03399824670664241,0.08482162628148379,0.017925237721704977,3.5850475443409954e-05,948.3346116374023,42.41081314074189
7,8,0.08750000000000001,0.08750000000000001,0.1,1.0,0.002,0.06451919288633667,6.451919288633667,0.004273127764463425,0.0010638920129320214,0.02378934861635085,0.06451919288633667,0.016489543116360396,3.297908623272079e-05,721.3465057363483,32.259596443168334
7,9,0.08750000000000001,0.10625000000000001,0.1,0.01,0.002,0.04942708654958744,4.942708654958744,0.0033232644200325012,0.0008623897181694142,0.01928362032923696,0.04942708654958745,0.017447714975152878,3.4895429950305756e-05,552.6116272732153,24.71354327479372
7,10,0.08750000000000001,0.10625000000000001,0.1,0.1,0.002,0.03932983264849112,3.932983264849112,0.002605598419904709,0.0006827001891354718,0.015265640311588783,0.03932983264849112,0.017358329368880838,3.4716658737761676e-05,439.7208967285836,19.664916324245556
7,11,0.08750000000000001,0.10625000000000001,0.1,1.0,0.002,0.03649189268791957,3.6491892687919574,0.0025831982493400574,0.0006100167041795579,0.013640388179558715,0.036491892687919567,0.016716499453630705,3.343299890726141e-05,407.9917633890784,18.245946343959787
7,12,0.08750000000000001,0.125,0.1,0.01,0.002,0.08856412668628161,8.856412668628161,0.006055507808923721,0.001576792254586285,0.03525814667650088,0.08856412668628164,0.017803960966856422,3.560792193371284e-05,990.1770381921444,44.282063343140806
7,13,0.08750000000000001,0.125,0.1,0.1,0.002,0.07714661999485845,7.714661999485844,0.005211193114519119,0.0013654003384934818,0.030531279733726484,0.07714661999485845,0.01769877071198299,3.539754142396598e-05,862.5254327142399,38.57330999742922
7,14,0.08750000000000001,0.125,0.1,1.0,0.002,0.009568883058636658,0.9568883058636659,0.0008932724595069885,0.00016213020739795934,0.003625341649479764,0.00956888305863666,0.016943482996338247,3.3886965992676495e-05,106.98336493928838,4.784441529318329
7,15,0.08750000000000001,0.14375000000000002,0.1,0.01,0.002,0.12616535973314272,12.61653597331427,0.00878775492310524,0.002291197979686679,0.05123274432489597,0.12616535973314272,0.018160277785700302,3.63205555714006e-05,1410.5716038451094,63.08267986657136
7,16,0.08750000000000001,0.14375000000000002,0.1,0.1,0.002,0.11353562075879747,11.353562075879747,0.007816795259714127,0.0020481005211272427,0.04579691989993259,0.11353562075879751,0.01803927707832207,3.607855415664414e-05,1269.3668294215372,56.76781037939874
7,17,0.08750000000000001,0.14375000000000002,0.1,1.0,0.002,0.01789037173526953,1.7890371735269532,0.0007966570556163788,0.00030718647853276586,0.006868898477680444,0.01789037173526953,0.017170491652063923,3.4340983304127846e-05,200.02043671401773,8.945185867634766
7,18,0.08750000000000001,0.16250000000000003,0.1,0.01,0.002,0.16231895735763413,16.231895735763413,0.011520002037286758,0.0030056045933792063,0.0672073618428152,0.16231895735763416,0.018516657834100163,3.703331566820033e-05,1814.7811134427977,81.15947867881705
7,19,0.08750000000000001,0.16250000000000003,0.1,0.1,0.002,0.14857585493441547,14.85758549344155,0.010422389954328537,0.0027308006977627072,0.06106255993201271,0.1485758549344155,0.018379841724404954,3.675968344880991e-05,1661.128557242503,74.28792746720774
7,20,0.08750000000000001,0.16250000000000003,0.1,1.0,0.002,0.04363717710552798,4.363717710552798,0.0024865828454494476,0.0007591788145038836,0.01697575436308387,0.04363717710552798,0.017397523507718157,3.479504701543632e-05,487.8784717707904,21.818588552763988
7,21,0.08750000000000001,0.18125000000000002,0.1,0.01,0.002,0.197106602397702,19.710660239770203,0.014252249151468277,0.0037200115501950124,0.08318198703320419,0.19710660239770203,0.01887309458406241,3.774618916812482e-05,2203.7188088764233,98.55330119885099
7,22,0.08750000000000001,0.18125000000000002,0.1,0.1,0.002,0.18234066119021722,18.234066119021723,0.013027984648942947,0.003413500836268538,0.07632819911148829,0.18234066119021725,0.018720458804893682,3.744091760978736e-05,2038.6305674179168,91.17033059510862
7,23,0.08750000000000001,0.18125000000000002,0.1,1.0,0.002,0.06884502103349166,6.884502103349167,0.004176512360572815,0.0012133643616476218,0.02713165194119721,0.06884502103349169,0.017624576816634936,3.524915363326987e-05,769.710734716451,34.42251051674583
7,24,0.08750000000000001,0.2,0.1,0.01,0.002,0.23060400852772503,23.060400852772503,0.0169844888150692,0.004434418791380155,0.09915661858228485,0.23060400852772506,0.01922958243306952,3.8459164866139043e-05,2578.2311947596713,115.3020042638625
7,25,0.08750000000000001,0.2,0.1,0.1,0.002,0.21489819967991397,21.489819967991394,0.015633586794137955,0.0040962010831770475,0.09159384071492149,0.21489819967991403,0.01906112330991254,3.812224661982508e-05,2402.634913633056,107.44909983995699
7,26,0.08750000000000001,0.2,0.1,1.0,0.002,0.09343407311402578,9.343407311402578,0.005866441875696182,0.001667952368893843,0.03729654880078439,0.09343407311402578,0.017851649974183346,3.5703299948366695e-05,1044.6246944882355,46.71703655701288
8,9,0.08750000000000001,0.10625000000000001,1.0,0.01,0.002,0.1138402978032631,11.38402978032631,0.007596392184495926,0.0019260978397443855,0.04306885700983942,0.11384029780326309,0.0169192972691712,3.3838594538342396e-05,1272.7732223345815,56.920148901631556
8,10,0.08750000000000001,0.10625000000000001,1.0,0.1,0.002,0.10376456280406267,10.376456280406266,0.0068787261843681335,0.001746348425731727,0.03904953792335884,0.10376456280406268,0.016829911662899162,3.365982332579832e-05,1160.1230804271515,51.88228140203134
8,11,0.08750000000000001,0.10625000000000001,1.0,1.0,0.002,0.028102401154098313,2.8102401154098313,0.0016899295151233673,0.0004549239671877699,0.010172409152257374,0.02810240115409831,0.01618808174764903,3.237616349529806e-05,314.19439655766183,14.051200577049157
8,12,0.08750000000000001,0.125,1.0,0.01,0.002,0.15284015483659588,15.284015483659589,0.010328635573387146,0.0026403967068784062,0.059041065241467024,0.15284015483659588,0.017275543260874743,3.4551086521749484e-05,1708.8048795311083,76.42007741829795
8,13,0.08750000000000001,0.125,1.0,0.1,0.002,0.14146137892578695,14.146137892578695,0.009484320878982544,0.0024289418128714763,0.05431279006972194,0.14146137892578692,0.01717035300600131,3.434070601200262e-05,1581.586297344579,70.73068946289348
8,14,0.08750000000000001,0.125,1.0,1.0,0.002,0.05542761124091467,5.542761124091467,0.003379855304956436,0.0009098478574081162,0.020344816583470832,0.05542761124091468,0.01641506529035657,3.283013058071314e-05,619.6995328255833,27.713805620457336
8,15,0.08750000000000001,0.14375000000000002,1.0,0.01,0.002,0.19026591074398333,19.02659107439833,0.013060882687568665,0.003354741916178147,0.07501430971542239,0.19026591074398339,0.017631860079718627,3.5263720159437256e-05,2127.2375511222717,95.13295537199166
8,16,0.08750000000000001,0.14375000000000002,1.0,0.1,0.002,0.17769442456694867,17.769442456694865,0.012089923024177551,0.0031115820798407858,0.06957709048094174,0.17769442456694867,0.01751085937234039,3.5021718744680786e-05,1986.6840627720287,88.84721228347432
8,17,0.08750000000000001,0.14375000000000002,1.0,1.0,0.002,0.08200731350060468,8.200731350060469,0.0050697848200798035,0.001364771775396612,0.030517224635598996,0.08200731350060468,0.016642073946082248,3.328414789216449e-05,916.8696381974415,41.00365675030234
8,18,0.08750000000000001,0.16250000000000003,1.0,0.01,0.002,0.22620940118812158,22.62094011881216,0.015793129801750183,0.004069109027809822,0.09098804394040844,0.22620940118812158,0.017988240128118484,3.597648025623697e-05,2529.097991030808,113.10470059406079
8,19,0.08750000000000001,0.16250000000000003,1.0,0.1,0.002,0.21254572729360316,21.254572729360316,0.014695517718791962,0.0037942439012222705,0.08484187286346995,0.21254572729360316,0.017851424018423274,3.570284803684655e-05,2376.3334727781453,106.27286364680158
8,20,0.08750000000000001,0.16250000000000003,1.0,1.0,0.002,0.10787149948862411,10.787149948862412,0.006759710609912872,0.0018196957378655626,0.04068963368234036,0.1078714994886241,0.016869105801736478,3.373821160347296e-05,1206.0400284569866,53.935749744312055
8,21,0.08750000000000001,0.18125000000000002,1.0,0.01,0.002,0.2607561979568079,26.075619795680787,0.0185253769159317,0.004783488195474495,0.10696204774648772,0.2607561979568078,0.01834467687808073,3.668935375616146e-05,2915.3429209290703,130.37809897840393
8,22,0.08750000000000001,0.18125000000000002,1.0,0.1,0.002,0.24609208813692776,24.609208813692778,0.017301112413406372,0.004476917381504065,0.1001069159469345,0.2460920881369278,0.018192041098912003,3.6384082197824e-05,2751.3931889952005,123.04604406846389
8,23,0.08750000000000001,0.18125000000000002,1.0,1.0,0.002,0.1330485815025641,13.30485815025641,0.00844964012503624,0.0022746197188145537,0.050862043142307994,0.13304858150256413,0.017096159110653257,3.419231822130652e-05,1487.528362748272,66.52429075128205
8,24,0.08750000000000001,0.2,1.0,0.01,0.002,0.29398569084496307,29.398569084496305,0.021257616579532623,0.005497874831898374,0.12293621855909992,0.29398569084496307,0.01870116472708784,3.7402329454175684e-05,3286.8599457078744,146.9928454224815
8,25,0.08750000000000001,0.2,1.0,0.1,0.002,0.278405006548129,27.8405006548129,0.01990671455860138,0.005159598025016918,0.11537211920511486,0.27840500654812894,0.01853270560393086,3.706541120786172e-05,3112.662599589452,139.2025032740645
8,26,0.08750000000000001,0.2,1.0,1.0,0.002,0.15756549284006574,15.756549284006574,0.010139569640159607,0.002729543629922126,0.06103445104057402,0.15756549284006574,0.01732323226820167,3.464646453640334e-05,1761.6357644932166,78.78274642003286
9,10,0.10625000000000001,0.10625000000000001,0.01,0.1,0.002,0.01010551638264623,1.0105516382646231,0.0007176660001277924,0.00017975776944433437,0.0040195059196126625,0.01010551638264623,0.017788083521691644,3.557616704338329e-05,112.98310789667374,5.052758191323115
9,11,0.10625000000000001,0.10625000000000001,0.01,1.0,0.002,0.08582782847183162,8.582782847183163,0.005906462669372559,0.0014716257134681867,0.03290655132751494,0.08582782847183164,0.017146253606441515,3.429250721288303e-05,959.5842941210371,42.91391423591581
9,12,0.10625000000000001,0.125,0.01,0.01,0.002,0.039180582378839604,3.91805823788396,0.00273224338889122,0.0007144075773184149,0.015974639065249128,0.039180582378839604,0.018233715119667225,3.646743023933445e-05,438.0522279855789,19.5902911894198
9,13,0.10625000000000001,0.125,0.01,0.1,0.002,0.027749603821227643,2.774960382122764,0.001887928694486618,0.0005030593828613023,0.011248749767969645,0.027749603821227643,0.018128524864793796,3.625704972958759e-05,310.2500024647647,13.874801910613822
9,14,0.10625000000000001,0.125,0.01,1.0,0.002,0.05857040638621988,5.857040638621988,0.00421653687953949,0.0010175575600698322,0.0227532787533497,0.058570406386219874,0.017373237149149054,3.474647429829811e-05,654.8370507468771,29.28520319310994
9,15,0.10625000000000001,0.14375000000000002,0.01,0.01,0.002,0.07685921167728298,7.685921167728298,0.005464490503072739,0.0014288151998494765,0.031949279141483766,0.07685921167728298,0.01859003193851111,3.718006387702222e-05,859.3121100372517,38.429605838641486
9,16,0.10625000000000001,0.14375000000000002,0.01,0.1,0.002,0.06420162587187964,6.4201625871879635,0.004493530839681625,0.0011857418333172532,0.02651399343062603,0.06420162587187964,0.018469031231132874,3.6938062462265745e-05,717.7959985776604,32.10081293593982
9,17,0.10625000000000001,0.14375000000000002,0.01,1.0,0.002,0.032094331136837066,3.2094331136837067,0.0025266073644161224,0.000564868116951377,0.012630835078255803,0.032094331136837066,0.01760024580487473,3.520049160974946e-05,358.8255305717789,16.047165568418535
9,18,0.10625000000000001,0.16250000000000003,0.01,0.01,0.002,0.11312024726726962,11.31202472672696,0.008196737617254257,0.00214322280878693,0.047923918913756094,0.11312024726726964,0.01894641198691097,3.789282397382194e-05,1264.7228126059986,56.56012363363481
9,19,0.10625000000000001,0.16250000000000003,0.01,0.1,0.002,0.0993342572596485,9.93342572596485,0.007099125534296036,0.001868437235817374,0.04177952670979453,0.0993342572596485,0.018809595877215757,3.7619191754431513e-05,1110.5907586351302,49.667128629824255
9,20,0.10625000000000001,0.16250000000000003,0.01,1.0,0.002,0.007235912063302635,0.7235912063302635,0.0008366815745830536,0.0001289966134796671,0.002884451966078013,0.007235912063302634,0.01782727766052896,3.5654555321057924e-05,80.89995626377726,3.617956031651317
9,21,0.10625000000000001,0.18125000000000002,0.01,0.01,0.002,0.14804189877313398,14.804189877313398,0.010928984731435776,0.0028576303787373014,0.06389855781425074,0.14804189877313395,0.019302848736873213,3.860569747374643e-05,1655.158745874351,74.02094938656698
9,22,0.10625000000000001,0.18125000000000002,0.01,0.1,0.002,0.1332170645377169,13.321706453771688,0.009704720228910446,0.0025511351554975406,0.057045116274819965,0.13321706453771687,0.019150212957704485,3.830042591540897e-05,1489.4120603465576,66.60853226885844
9,23,0.10625000000000001,0.18125000000000002,0.01,1.0,0.002,0.019825315195545944,1.9825315195545943,0.0008532479405403137,0.00035793280211396833,0.008003620769038136,0.019825315195545944,0.01805433096944574,3.610866193889148e-05,221.65376226300134,9.912657597772972
9,24,0.10625000000000001,0.2,0.01,0.01,0.002,0.18169677393613085,18.169677393613085,0.013661224395036697,0.003572038035379003,0.0798731986532225,0.18169677393613082,0.019659336585880323,3.931867317176065e-05,2031.4316890680027,90.84838696806541
9,25,0.10625000000000001,0.2,0.01,0.1,0.002,0.16591526607887194,16.591526607887193,0.012310322374105453,0.003233834120338432,0.07231072921034969,0.16591526607887194,0.019490877462723342,3.8981754925446684e-05,1854.9890672866131,82.95763303943598
9,26,0.10625000000000001,0.2,0.01,1.0,0.002,0.044219549348490414,4.421954934849042,0.002543177455663681,0.0008083954519533142,0.01807627183269276,0.04421954934849042,0.018281404126994152,3.656280825398831e-05,494.3895913881555,22.109774674245205
10,11,0.10625000000000001,0.10625000000000001,0.1,1.0,0.002,0.07573892347938764,7.573892347938765,0.005188796669244766,0.0012918688202628514,0.028887065001201938,0.07573892347938764,0.01705686800016947,3.4113736000338945e-05,846.7869072128284,37.86946173969382
10,12,0.10625000000000001,0.125,0.1,0.01,0.002,0.04927723829685918,4.927723829685918,0.0034499093890190125,0.0008941024491683096,0.019992738551893905,0.04927723829685918,0.018144329513395188,3.6288659026790376e-05,550.9362728761654,24.638619148429587
10,13,0.10625000000000001,0.125,0.1,0.1,0.002,0.037845494708729485,3.7845494708729484,0.0026055946946144104,0.0006827001493584194,0.015265639422146851,0.037845494708729485,0.018039139258521755,3.607827851704351e-05,423.12549405413864,18.92274735436474
10,14,0.10625000000000001,0.125,0.1,1.0,0.002,0.04847714240649342,4.847714240649342,0.0034988708794116974,0.0008378717325767401,0.018735381504671158,0.04847714240649342,0.017283851542877014,3.456770308575403e-05,541.9909288792852,24.23857120324671
10,15,0.10625000000000001,0.14375000000000002,0.1,0.01,0.002,0.08694307295102456,8.694307295102456,0.006182156503200531,0.0016085030437049664,0.0359672214773962,0.08694307295102456,0.01850064633223907,3.7001292664478135e-05,972.0531064560709,43.47153647551228
10,16,0.10625000000000001,0.14375000000000002,0.1,0.1,0.002,0.0742887191549114,7.428871915491141,0.005211196839809418,0.0013654003319920828,0.030531279588350783,0.07428871915491142,0.018379645624860837,3.675929124972167e-05,830.5731299588632,37.1443595774557
10,17,0.10625000000000001,0.14375000000000002,0.1,1.0,0.002,0.02204705021566534,2.204705021566534,0.00180894136428833,0.00038606281411808903,0.008632626959529125,0.02204705021566534,0.01751086019860269,3.502172039720538e-05,246.49351492789546,11.02352510783267
10,18,0.10625000000000001,0.16250000000000003,0.1,0.01,0.002,0.12318527327301325,12.318527327301325,0.00891440361738205,0.0023229079478154263,0.051941800767898276,0.12318527327301328,0.01885702638063893,3.771405276127786e-05,1377.253224326728,61.59263663650662
10,19,0.10625000000000001,0.16250000000000003,0.1,0.1,0.002,0.10940584955963119,10.94058495596312,0.007816791534423828,0.0020481005086275313,0.045796919620430546,0.1094058495596312,0.01872021027094372,3.744042054188744e-05,1223.194583757254,54.702924779815596
10,20,0.10625000000000001,0.16250000000000003,0.1,1.0,0.002,0.005629610113121731,0.5629610113121731,0.00015888363122940063,9.985741649410638e-05,0.002232879713383306,0.005629610113121733,0.017737892054256924,3.5475784108513845e-05,62.94095449880237,2.814805056560866
10,21,0.10625000000000001,0.18125000000000002,0.1,0.01,0.002,0.1580825936725384,15.80825936725384,0.011646650731563568,0.003037314085117123,0.0679164076333947,0.1580825936725384,0.019213463130601176,3.842692626120235e-05,1767.41712755637,79.0412968362692
10,22,0.10625000000000001,0.18125000000000002,0.1,0.1,0.002,0.1432676870098252,14.326768700982521,0.010422386229038239,0.0027308006471333393,0.061062558799905624,0.1432676870098252,0.019060827351432448,3.8121654702864896e-05,1601.7814356656634,71.6338435049126
10,23,0.10625000000000001,0.18125000000000002,0.1,1.0,0.002,0.0297065233326542,2.97065233326542,0.001570913940668106,0.0005336760686009775,0.011933359673566268,0.02970652333265421,0.017964945363173702,3.5929890726347404e-05,332.129027734992,14.853261666327102
10,24,0.10625000000000001,0.2,0.1,0.01,0.002,0.19170823978070042,19.170823978070043,0.01437889039516449,0.0037517208548952983,0.08389102864149511,0.19170823978070042,0.019569950979608286,3.913990195921657e-05,2143.3632799823777,95.85411989035022
10,25,0.10625000000000001,0.2,0.1,0.1,0.002,0.1759401245686577,17.594012456865773,0.013027988374233246,0.003413500894041841,0.07632820040333863,0.1759401245686577,0.019401491856451306,3.880298371290261e-05,1967.0703925264975,87.97006228432886
10,26,0.10625000000000001,0.2,0.1,1.0,0.002,0.05423760971054136,5.4237609710541355,0.0032608434557914734,0.000986691600373866,0.022063094912640212,0.05423760971054137,0.018192018520722112,3.638403704144422e-05,606.3949112493659,27.11880485527068
11,12,0.10625000000000001,0.125,1.0,0.01,0.002,0.12488386696618733,12.488386696618734,0.008638706058263779,0.0021857798313904943,0.04887552286837173,0.1248838669661873,0.017502499598145056,3.500499919629011e-05,1396.2440791471763,62.44193348309366
11,13,0.10625000000000001,0.125,1.0,0.1,0.002,0.11348347567951153,11.348347567951153,0.007794391363859177,0.0019743071317461043,0.044146849550469214,0.1134834756795115,0.017397309343271626,3.479461868654325e-05,1268.7838297116593,56.741737839755764
11,14,0.10625000000000001,0.125,1.0,1.0,0.002,0.027335855006083907,2.733585500608391,0.0016899257898330688,0.00045492389022092094,0.01017240743122631,0.027335855006083903,0.01664202162762688,3.3284043255253764e-05,305.6241500834077,13.667927503041954
11,15,0.10625000000000001,0.14375000000000002,1.0,0.01,0.002,0.16238807669300712,16.238807669300712,0.011370953172445297,0.002900058849968334,0.06484728727279059,0.16238807669300712,0.017858816416988936,3.571763283397787e-05,1815.5538911050658,81.19403834650356
11,16,0.10625000000000001,0.14375000000000002,1.0,0.1,0.002,0.1497862003334153,14.978620033341532,0.010399993509054184,0.00265688001735695,0.05940964326870961,0.1497862003334153,0.017737815709610704,3.547563141922141e-05,1674.6606301845914,74.89310016670765
11,17,0.10625000000000001,0.14375000000000002,1.0,1.0,0.002,0.053935987601324495,5.393598760132449,0.003379855304956436,0.000909847808209271,0.020344815483351212,0.05393598760132449,0.016869030283352557,3.3738060566705115e-05,603.022673550737,26.967993800662246
11,18,0.10625000000000001,0.16250000000000003,1.0,0.01,0.002,0.1984271044290311,19.842710442903112,0.014103200286626816,0.003614388691233022,0.08082018810703535,0.19842710442903114,0.0182151964653888,3.64303929307776e-05,2218.482470408816,99.21355221451556
11,19,0.10625000000000001,0.16250000000000003,1.0,0.1,0.002,0.18472367954724847,18.47236795472485,0.013005588203668594,0.0033395049395584142,0.07467360056048941,0.1847236795472485,0.018078380355693587,3.6156760711387177e-05,2065.273522607676,92.36183977362424
11,20,0.10625000000000001,0.16250000000000003,1.0,1.0,0.002,0.07982959816017154,7.9829598160171535,0.005069781094789505,0.0013647717706782349,0.03051722453009287,0.07982959816017152,0.01709606213900679,3.419212427801358e-05,892.5220405131785,39.91479908008577
11,21,0.10625000000000001,0.18125000000000002,1.0,0.01,0.002,0.23308365558305424,23.308365558305425,0.016835447400808334,0.004328744159981693,0.09679366198924289,0.2330836555830542,0.018571633215351043,3.7143266430702085e-05,2605.954491639288,116.54182779152713
11,22,0.10625000000000001,0.18125000000000002,1.0,0.1,0.002,0.21836994017579564,21.836994017579567,0.015611182898283005,0.004022155368237266,0.08993812819444225,0.21836994017579564,0.018418997436182315,3.683799487236463e-05,2441.4501523782073,109.18497008789782
11,23,0.10625000000000001,0.18125000000000002,1.0,1.0,0.002,0.10504437017103185,10.504437017103184,0.006759710609912872,0.0018196957516272037,0.04068963399006001,0.10504437017103185,0.01732311544792357,3.464623089584714e-05,1174.4317617803922,52.52218508551592
11,24,0.10625000000000001,0.2,1.0,0.01,0.002,0.26643502861358115,26.64350286135812,0.019567687064409256,0.005043114477383593,0.1127674678974304,0.2664350286135812,0.018928121064358153,3.7856242128716306e-05,2978.8341778353456,133.2175143067906
11,25,0.10625000000000001,0.2,1.0,0.1,0.002,0.25079451572311584,25.07945157231158,0.018216785043478012,0.004704820331672915,0.10520298083543743,0.2507945157231158,0.018759661941201173,3.751932388240235e-05,2803.967927705133,125.3972578615579
11,26,0.10625000000000001,0.2,1.0,1.0,0.002,0.12960656514116103,12.960656514116103,0.00844964012503624,0.0022746196627347662,0.050862041888325826,0.12960656514116103,0.01755018860547198,3.510037721094396e-05,1449.0454499294535,64.80328257058052
12,13,0.125,0.125,0.01,0.1,0.002,0.011440755162749144,1.1440755162749146,0.000844314694404602,0.00021147973760870682,0.004728830691568872,0.011440755162749143,0.018484770856497336,3.696954171299467e-05,127.91153128919377,5.7203775813745725
12,14,0.125,0.125,0.01,1.0,0.002,0.09765227546446414,9.765227546446415,0.00694878026843071,0.0017313243715131109,0.03871358985805416,0.09765227546446416,0.017729483140852598,3.5458966281705195e-05,1091.7856304803834,48.82613773223208
12,15,0.125,0.14375000000000002,0.01,0.01,0.002,0.03770701692242244,3.770701692242244,0.0027322471141815186,0.0007144076225315227,0.01597464007624495,0.03770701692242244,0.018946277930214653,3.789255586042931e-05,421.57726533635736,18.853508461211216
12,16,0.125,0.14375000000000002,0.01,0.1,0.002,0.025039066003848653,2.503906600384865,0.0017612874507904053,0.0004713673589233497,0.01054009456927152,0.025039066003848656,0.018825277222836417,3.765055444567284e-05,279.94526838854796,12.519533001924325
12,17,0.125,0.14375000000000002,0.01,1.0,0.002,0.07112761587149342,7.112761587149343,0.0052588507533073425,0.0012772024509066424,0.028559115012565906,0.07112761587149344,0.017956491796578274,3.5912983593156546e-05,795.2309208307614,35.563807935746716
12,18,0.125,0.16250000000000003,0.01,0.01,0.002,0.0740216830786666,7.402168307866662,0.005464494228363037,0.0014288152314688987,0.03194927984851554,0.0740216830786666,0.01930265797861451,3.860531595722902e-05,827.5875758642221,37.0108415393333
12,19,0.125,0.16250000000000003,0.01,0.1,0.002,0.06021340627321505,6.021340627321505,0.004366882145404816,0.0011540406230214331,0.025805132818721332,0.06021340627321505,0.0191658418689193,3.83316837378386e-05,673.2063479186056,30.106703136607525
12,20,0.125,0.16250000000000003,0.01,1.0,0.002,0.045313866995942864,4.531386699594286,0.0035689249634742737,0.0008239657722948449,0.01842443477984386,0.04531386699594286,0.018183523652232504,3.636704730446501e-05,506.62443463156205,22.65693349797143
12,21,0.125,0.18125000000000002,0.01,0.01,0.002,0.10901940455598838,10.901940455598838,0.008196741342544556,0.002143222801419208,0.04792391874900882,0.1090194045559884,0.019659094728576756,3.9318189457153516e-05,1218.8739972687015,54.50970227799419
12,22,0.125,0.18125000000000002,0.01,0.1,0.002,0.0941602912179297,9.416029121792969,0.006972476840019226,0.0018367338553068509,0.04107061757041382,0.09416029121792971,0.01950645894940803,3.9012917898816056e-05,1052.7440597223365,47.08014560896485
12,23,0.125,0.18125000000000002,0.01,1.0,0.002,0.020360010950321052,2.0360010950321055,0.0018789954483509064,0.0003748395485307279,0.008381667111700391,0.02036001095032106,0.018410576961149283,3.6821153922298564e-05,227.63184253778988,10.180005475160527
12,24,0.125,0.2,0.01,0.01,0.002,0.14277028644978054,14.277028644978056,0.010928981006145477,0.0028576304580608856,0.06389855958798002,0.14277028644978057,0.020015582577583867,4.003116515516774e-05,1596.220328344132,71.38514322489027
12,25,0.125,0.2,0.01,0.1,0.002,0.1269418686518388,12.694186865183877,0.009578078985214233,0.0025194309386686866,0.05633618843479287,0.1269418686518388,0.019847123454426886,3.969424690885377e-05,1419.2532374818056,63.470934325919394
12,26,0.125,0.2,0.01,1.0,0.002,0.006787163019963043,0.6787163019963043,0.00019827112555503845,0.00012649676966463482,0.0028285537590425672,0.006787163019963044,0.018637650118697696,3.7275300237395395e-05,75.88278943505063,3.393581509981521
13,14,0.125,0.125,0.1,1.0,0.002,0.08623583789873888,8.623583789873887,0.006104465574026108,0.0015198456643951961,0.0339847822089599,0.08623583789873888,0.017624292885979165,3.524858577195833e-05,964.1459781911639,43.11791894936944
13,15,0.125,0.14375000000000002,0.1,0.01,0.002,0.049138134245667285,4.913813424566729,0.0035765618085861206,0.0009258158955253043,0.02070187277044424,0.04913813424566729,0.01884108767534122,3.768217535068244e-05,549.381042304112,24.56906712283364
13,16,0.125,0.14375000000000002,0.1,0.1,0.002,0.036468857425846095,3.6468857425846095,0.0026056021451950073,0.0006827001826340815,0.015265640166213276,0.03646885742584608,0.018720086967962984,3.744017393592597e-05,407.7342213296992,18.234428712923044
13,17,0.125,0.14375000000000002,0.1,1.0,0.002,0.05970314282696374,5.970314282696374,0.0044145360589027405,0.0010657788055916022,0.023831538582813554,0.059703142826963734,0.01785130154170484,3.570260308340968e-05,667.5014291573494,29.851571413481874
13,18,0.125,0.16250000000000003,0.1,0.01,0.002,0.08543909623314547,8.543909623314548,0.006308808922767639,0.0016402142922814183,0.036676306552079596,0.08543909623314547,0.01919746772374108,3.839493544748216e-05,955.2381355672974,42.71954811657273
13,19,0.125,0.16250000000000003,0.1,0.1,0.002,0.07163450583521967,7.163450583521966,0.005211196839809418,0.0013654003592694578,0.030531280198291426,0.07163450583521966,0.019060651614045868,3.8121303228091734e-05,800.8981229107826,35.817252917609835
13,20,0.125,0.16250000000000003,0.1,1.0,0.002,0.033907116304240176,3.3907116304240175,0.0027246102690696716,0.0006129841530910834,0.013706742354418003,0.03390711630424017,0.01807833339735907,3.6156666794718145e-05,379.0930848863623,16.953558152120085
13,21,0.125,0.18125000000000002,0.1,0.01,0.002,0.12041678136071735,12.041678136071734,0.009041056036949158,0.002354618239758286,0.052650864451604246,0.1204167813607173,0.019553904473703324,3.910780894740665e-05,1346.3005437714678,60.20839068035867
13,22,0.125,0.18125000000000002,0.1,0.1,0.002,0.10556528699343201,10.5565286993432,0.007816791534423828,0.0020481004977752327,0.045796919377765775,0.10556528699343201,0.019401268694534596,3.880253738906919e-05,1180.2557889079421,52.78264349671601
13,23,0.125,0.18125000000000002,0.1,1.0,0.002,0.009386972263204355,0.9386972263204355,0.0010346807539463043,0.00017183215727904113,0.0038422838439637124,0.009386972263204353,0.01830538670627585,3.66107734125517e-05,104.94954041714993,4.693486131602178
13,24,0.125,0.2,0.1,0.01,0.002,0.15414181252212636,15.414181252212638,0.01177329570055008,0.0030690239606492157,0.06862546200587286,0.15414181252212633,0.019910392322710434,3.982078464542087e-05,1723.357854872514,77.07090626106317
13,25,0.125,0.2,0.1,0.1,0.002,0.13832489032763529,13.83248903276353,0.010422393679618835,0.0027308007446837333,0.06106256098119875,0.13832489032763526,0.019741933199553453,3.9483866399106905e-05,1546.5192887639782,69.16244516381764
13,26,0.125,0.2,0.1,1.0,0.002,0.016824135083756978,1.682413508375698,0.0006765313446521759,0.00031179260818328387,0.0069718946677978,0.01682413508375698,0.018532459863824263,3.706491972764853e-05,188.0995485495986,8.41206754187849
14,15,0.125,0.14375000000000002,1.0,0.01,0.002,0.1352146697658656,13.52146697658656,0.009681027382612228,0.0024454654690018647,0.054682270253165736,0.1352146697658656,0.018085799959696478,3.6171599919392954e-05,1511.7459657583051,67.6073348829328
14,16,0.125,0.14375000000000002,1.0,0.1,0.002,0.12258804901090876,12.258804901090876,0.008710067719221115,0.0022022696912143264,0.049244247343427056,0.1225880490109088,0.017964799252318246,3.592959850463649e-05,1370.5760540873396,61.29402450545439
14,17,0.125,0.14375000000000002,1.0,1.0,0.002,0.02660994092643334,2.6609940926433335,0.0016899295151233673,0.00045492391798894683,0.010172408052138246,0.02660994092643334,0.0170960138260601,3.41920276521202e-05,297.50818394379337,13.30497046321667
14,18,0.125,0.16250000000000003,1.0,0.01,0.002,0.17133153754454433,17.133153754454433,0.012413274496793747,0.003159727056460403,0.07065364488590777,0.17133153754454436,0.01844218000809634,3.688436001619268e-05,1915.5448231957926,85.66576877227216
14,19,0.125,0.16250000000000003,1.0,0.1,0.002,0.1575944848915677,15.75944848915677,0.011315662413835526,0.0028848243943212252,0.06450663448851918,0.1575944848915677,0.01830536389840113,3.661072779680226e-05,1761.9599054830444,78.79724244578384
14,20,0.125,0.16250000000000003,1.0,1.0,0.002,0.052522396879557405,5.252239687955741,0.003379855304956436,0.0009098478804577033,0.020344817098875267,0.0525223968795574,0.017323045681714333,3.464609136342866e-05,587.2182488195659,26.261198439778703
14,21,0.125,0.18125000000000002,1.0,0.01,0.002,0.2060812507132107,20.608125071321073,0.015145521610975266,0.003874042453179036,0.08662622273028371,0.20608125071321076,0.018798616758058585,3.759723351611717e-05,2304.0584274145813,103.04062535660536
14,22,0.125,0.18125000000000002,1.0,0.1,0.002,0.19132459351421735,19.132459351421733,0.013921257108449936,0.0035674347314599304,0.07977026564838112,0.19132459351421738,0.018645980978889858,3.7291961957779715e-05,2139.073984326527,95.66229675710868
14,23,0.125,0.18125000000000002,1.0,1.0,0.002,0.07776433979860944,7.776433979860944,0.0050697848200798035,0.0013647718614066705,0.03051722655884237,0.07776433979860947,0.017550098990631112,3.510019798126222e-05,869.4317500754152,38.88216989930473
14,24,0.125,0.2,1.0,0.01,0.002,0.23953858425896377,23.953858425896378,0.017877761274576187,0.004588386638908871,0.10259944431652018,0.23953858425896385,0.019155104607065696,3.831020921413139e-05,2678.1227881855207,119.76929212948188
14,25,0.125,0.2,1.0,0.1,0.002,0.22384544070125506,22.384544070125504,0.016526859253644943,0.00425007402578404,0.09503454431059309,0.22384544070125512,0.018986645483908715,3.797329096781743e-05,2502.668109307023,111.92272035062753
14,26,0.125,0.2,1.0,1.0,0.002,0.10236137431456221,10.236137431456221,0.006759714335203171,0.0018196957725142141,0.040689634457107764,0.10236137431456223,0.01777717214817952,3.555434429635905e-05,1144.4349561883103,51.180687157281106
15,16,0.14375000000000002,0.14375000000000002,0.01,0.1,0.002,0.012678910450489049,1.267891045048905,0.0009709596633911133,0.00024320171315209883,0.005438155628524976,0.01267891045048905,0.0191815940416803,3.8363188083360605e-05,141.75452823962996,6.3394552252445235
15,17,0.14375000000000002,0.14375000000000002,0.01,1.0,0.002,0.1087229755502228,10.87229755502228,0.007991097867488861,0.0019910230433504523,0.04452062869700121,0.10872297555022278,0.018312808615422154,3.662561723084431e-05,1215.5598202317285,54.36148777511139
15,18,0.14375000000000002,0.16250000000000003,0.01,0.01,0.002,0.03634002364304956,3.6340023643049557,0.0027322471141815186,0.0007144076089377534,0.015974639772279028,0.03634002364304956,0.019658974797458394,3.931794959491679e-05,406.2938158490418,18.170011821524778
15,19,0.14375000000000002,0.16250000000000003,0.01,0.1,0.002,0.022522078811383302,2.25220788113833,0.0016346350312232971,0.00043967959653413367,0.00983153466170004,0.02252207881138331,0.019522158687763184,3.9044317375526367e-05,251.8044960843037,11.261039405691651
15,20,0.14375000000000002,0.16250000000000003,0.01,1.0,0.002,0.08289529260402875,8.289529260402876,0.006301172077655792,0.0015368655006818915,0.034365357317989585,0.08289529260402875,0.018539840471076388,3.707968094215278e-05,926.7975463867192,41.44764630201438
15,21,0.14375000000000002,0.18125000000000002,0.01,0.01,0.002,0.0713857507002979,7.13857507002979,0.005464494228363037,0.0014288151788880337,0.031949278672771655,0.0713857507002979,0.02001541154742064,4.003082309484128e-05,798.1169559535965,35.69287535014895
15,22,0.14375000000000002,0.18125000000000002,0.01,0.1,0.002,0.056504715849509855,5.650471584950986,0.0042402297258377075,0.0011223405007676041,0.025096296536175178,0.05650471584950986,0.019862775768251913,3.972555153650383e-05,631.741928444069,28.252357924754925
15,23,0.14375000000000002,0.18125000000000002,0.01,1.0,0.002,0.05772672186777321,5.772672186777321,0.004611242562532425,0.0010833512575597086,0.024224470554133914,0.05772672186777322,0.018766893779993167,3.753378755998634e-05,645.4043710728225,28.863360933886604
15,24,0.14375000000000002,0.2,0.01,0.01,0.002,0.10520486056913815,10.520486056913816,0.008196733891963959,0.002143222835529691,0.04792391951174241,0.10520486056913816,0.02037189939642775,4.07437987928555e-05,1176.2260989799006,52.602430284569074
15,25,0.14375000000000002,0.2,0.01,0.1,0.002,0.08934276373790385,8.934276373790384,0.006845831871032715,0.001805031191027682,0.04036172444645306,0.08934276373790387,0.02020344027327077,4.0406880546541544e-05,998.882465078281,44.671381868951926
15,26,0.14375000000000002,0.2,0.01,1.0,0.002,0.03326672835391637,3.3266728353916375,0.0029213130474090576,0.0006318671384744645,0.014128978743771753,0.03326672835391637,0.018993966937541577,3.7987933875083154e-05,371.9333299418834,16.633364176958185
16,17,0.14375000000000002,0.14375000000000002,0.1,1.0,0.002,0.09607745004667811,9.60774500466781,0.007020138204097748,0.0017478225155438537,0.0390824995736074,0.09607745004667811,0.018191807908043922,3.638361581608785e-05,1074.178547046063,48.03872502333905
16,18,0.14375000000000002,0.16250000000000003,0.1,0.01,0.002,0.04900865658051934,4.900865658051934,0.003703206777572632,0.0009575298624598233,0.02141101862946189,0.04900865658051934,0.019537974090080158,3.907594818016032e-05,547.9334379999182,24.504328290259668
16,19,0.14375000000000002,0.16250000000000003,0.1,0.1,0.002,0.035188630355263824,3.518863035526383,0.0026055946946144104,0.0006827001766358428,0.015265640032088582,0.03518863035526383,0.01940115798038495,3.8802315960769896e-05,393.42084754741245,17.594315177631913
16,20,0.14375000000000002,0.16250000000000003,0.1,1.0,0.002,0.07023843341133082,7.023843341133082,0.005330212414264679,0.001293710450256485,0.02892824509975361,0.07023843341133083,0.018418839763698153,3.683767952739631e-05,785.2895587041409,35.11921670566541
16,21,0.14375000000000002,0.18125000000000002,0.1,0.01,0.002,0.08403997931218321,8.403997931218322,0.00643545389175415,0.0016719258754252372,0.03738539910791676,0.08403997931218322,0.019894410840042405,3.978882168008481e-05,939.5955328485885,42.0199896560916
16,22,0.14375000000000002,0.18125000000000002,0.1,0.1,0.002,0.06916299628231723,6.916299628231723,0.005211189389228821,0.0013654003151415493,0.030531279211561395,0.06916299628231724,0.019741775060873677,3.948355012174736e-05,773.2658060741328,34.58149814115861
16,23,0.14375000000000002,0.18125000000000002,0.1,1.0,0.002,0.045075714071763126,4.507571407176313,0.0036402828991413116,0.0008404769447538595,0.01879363581990965,0.04507571407176313,0.01864589307261493,3.7291786145229866e-05,503.9618039940309,22.53785703588156
16,24,0.14375000000000002,0.2,0.1,0.01,0.002,0.11783817260616607,11.783817260616607,0.009167693555355072,0.002386328895150199,0.053359936262278126,0.11783817260616607,0.020250898689049515,4.050179737809903e-05,1317.4708214587042,58.91908630308303
16,25,0.14375000000000002,0.2,0.1,0.1,0.002,0.10198464959050159,10.198464959050158,0.007816791534423828,0.002048100562049975,0.045796920814992696,0.10198464959050157,0.020082439565892535,4.016487913178507e-05,1140.223045729288,50.992324795250795
16,26,0.14375000000000002,0.2,0.1,1.0,0.002,0.020727420491052726,2.0727420491052726,0.0019503533840179443,0.00039118790696603383,0.008747227519519151,0.020727420491052726,0.018872966230163345,3.774593246032669e-05,231.7396060810798,10.363710245526363
17,18,0.14375000000000002,0.16250000000000003,1.0,0.01,0.002,0.14489936458519134,14.489936458519134,0.01072334498167038,0.0027051535747088674,0.06048907282625584,0.14489936458519137,0.018669188663822014,3.733837732764403e-05,1620.0241455450673,72.44968229259567
17,19,0.14375000000000002,0.16250000000000003,1.0,0.1,0.002,0.13113458057505722,13.113458057505722,0.009625732898712158,0.0024302349019461205,0.05434170442044062,0.13113458057505722,0.018532372554126805,3.706474510825361e-05,1466.1291818337572,65.5672902875286
17,20,0.14375000000000002,0.16250000000000003,1.0,1.0,0.002,0.025921513046196276,2.5921513046196276,0.0016899257898330688,0.0004549239624694047,0.010172409046751521,0.02592151304619628,0.01755005433744001,3.510010867488002e-05,289.8113262547126,12.960756523098137
17,21,0.14375000000000002,0.18125000000000002,1.0,0.01,0.002,0.17972601415846892,17.972601415846892,0.013455592095851898,0.0034193998224915164,0.07646010445341744,0.17972601415846892,0.01902562541378426,3.8051250827568526e-05,2009.3979249171305,89.86300707923445
17,22,0.14375000000000002,0.18125000000000002,1.0,0.1,0.002,0.16493271722193228,16.493271722193228,0.012231327593326569,0.003112773462538503,0.06960373060793487,0.16493271722193228,0.018872989634615533,3.7745979269231066e-05,1844.0038371099542,82.46635861096614
17,23,0.14375000000000002,0.18125000000000002,1.0,1.0,0.002,0.051180876074892204,5.118087607489221,0.003379855304956436,0.0009098479434182054,0.020344818506714896,0.051180876074892204,0.017777107646356788,3.5554215292713574e-05,572.219590257258,25.590438037446106
17,24,0.14375000000000002,0.2,1.0,0.01,0.002,0.21327405623786116,21.327405623786117,0.01618783175945282,0.0041337019140171615,0.09243238478463364,0.21327405623786116,0.01938211326279137,3.8764226525582746e-05,2384.4764379248527,106.63702811893057
17,25,0.14375000000000002,0.2,1.0,0.1,0.002,0.19753505639997546,19.75350563999755,0.014836929738521576,0.0037953702541223015,0.08486705887998117,0.19753505639997543,0.01921365413963439,3.842730827926878e-05,2208.509070248,98.76752819998774
17,26,0.14375000000000002,0.2,1.0,1.0,0.002,0.07580305204609405,7.580305204609405,0.0050697848200798035,0.001364771854525713,0.030517226404979485,0.07580305204609405,0.018004180803905197,3.60083616078104e-05,847.503886385104,37.90152602304702
18,19,0.16250000000000003,0.16250000000000003,0.01,0.1,0.002,0.013830175767894751,1.3830175767894752,0.0010976120829582214,0.00027492368473003927,0.006147480476810887,0.013830175767894751,0.01987853873616304,3.9757077472326086e-05,154.62606578891507,6.9150878839473755
18,20,0.16250000000000003,0.16250000000000003,0.01,1.0,0.002,0.11910962087513377,11.910962087513377,0.00903341919183731,0.002250721662047739,0.05032766634770053,0.11910962087513377,0.018896220519476245,3.779244103895249e-05,1331.6860452551355,59.554810437566886
18,21,0.16250000000000003,0.18125000000000002,0.01,0.01,0.002,0.0350684703694575,3.50684703694575,0.0027322471141815186,0.0007144075699507944,0.015974638900504125,0.035068470369457504,0.020371791595820497,4.0743583191640995e-05,392.0774180652207,17.534235184728747
18,22,0.16250000000000003,0.18125000000000002,0.01,0.1,0.002,0.020178742161676855,2.017874216167686,0.001507982611656189,0.0004079971319509849,0.009123093216673537,0.02017874216167686,0.02021915581665177,4.043831163330354e-05,225.60519586975252,10.089371080838427
18,23,0.16250000000000003,0.18125000000000002,0.01,1.0,0.002,0.09394514883322344,9.394514883322344,0.0073434896767139435,0.0017965388059868693,0.04017182894402946,0.09394514883322344,0.019123273828393024,3.824654765678605e-05,1050.3386947371132,46.97257441661172
18,24,0.16250000000000003,0.2,0.01,0.01,0.002,0.06893072000478087,6.893072000478087,0.00546448677778244,0.0014288152265922666,0.03194927973947073,0.06893072000478087,0.020728279444827608,4.1456558889655215e-05,770.6688783434734,34.46536000239044
18,25,0.16250000000000003,0.2,0.01,0.1,0.002,0.053047242518758024,5.304724251875802,0.004113584756851196,0.0010906417747457513,0.024387491474325135,0.053047242518758024,0.020559820321670627,4.111964064334126e-05,593.0862014543005,26.52362125937901
18,26,0.16250000000000003,0.2,0.01,1.0,0.002,0.06939709429470861,6.93970942947086,0.005653560161590576,0.0013428578544187083,0.030027214465997484,0.06939709429470861,0.019350346985941437,3.8700693971882874e-05,775.8831014196563,34.698547147354304
19,20,0.16250000000000003,0.16250000000000003,0.1,1.0,0.002,0.10532313680385537,10.532313680385537,0.00793580710887909,0.0019757993170102157,0.044180215827324995,0.10532313680385537,0.018759404409781036,3.7518808819562076e-05,1177.5484674846527,52.66156840192768
19,21,0.16250000000000003,0.18125000000000002,0.1,0.01,0.002,0.04888784317720336,4.8887843177203365,0.00382985919713974,0.0009892443082602474,0.0221201751962467,0.048887843177203356,0.020234975486125288,4.046995097225058e-05,546.58270308788,24.44392158860168
19,22,0.16250000000000003,0.18125000000000002,0.1,0.1,0.002,0.03399504980336908,3.3995049803369075,0.0026055946946144104,0.0006827001385061646,0.015265639179483058,0.03399504980336908,0.02008233970695656,4.016467941391312e-05,380.0762112941206,16.99752490168454
19,23,0.16250000000000003,0.18125000000000002,0.1,1.0,0.002,0.08014425969673696,8.014425969673695,0.006245877593755722,0.0015216555981284335,0.03402525355758279,0.08014425969673697,0.018986457718697815,3.797291543739563e-05,896.0400634415025,40.072129848368476
19,24,0.16250000000000003,0.2,0.1,0.01,0.002,0.08273515626819616,8.273515626819616,0.006562098860740662,0.0017036379368230107,0.038094502357837436,0.08273515626819616,0.0205914633351324,4.11829266702648e-05,925.007167723772,41.367578134098075
19,25,0.16250000000000003,0.2,0.1,0.1,0.002,0.06685600077455241,6.685600077455241,0.005211196839809418,0.0013654003854145157,0.030531280782912697,0.06685600077455242,0.020423004211975418,4.0846008423950836e-05,747.472812178389,33.42800038727621
19,26,0.16250000000000003,0.2,0.1,1.0,0.002,0.05559499739873197,5.559499739873198,0.004555948078632355,0.0010681761990853655,0.023885145931022256,0.05559499739873197,0.019213530876246228,3.842706175249246e-05,621.5709669624432,27.797498699365985
20,21,0.16250000000000003,0.18125000000000002,1.0,0.01,0.002,0.15399658354815365,15.399658354815365,0.01176566630601883,0.0029648434437170522,0.066295914827959,0.15399658354815363,0.019252657269438492,3.8505314538876984e-05,1721.7341455819865,76.99829177407682
20,22,0.16250000000000003,0.18125000000000002,1.0,0.1,0.002,0.1391727242883127,13.91727242883127,0.0105414018034935,0.0026582020247661615,0.05943920425304716,0.13917272428831268,0.019100021490269764,3.820004298053953e-05,1555.998360612516,69.58636214415635
20,23,0.16250000000000003,0.18125000000000002,1.0,1.0,0.002,0.02526774361521954,2.5267743615219542,0.0016899295151233673,0.00045492398094946086,0.010172409459978137,0.02526774361521954,0.01800413950201102,3.600827900402204e-05,282.5019618083359,12.63387180760977
20,24,0.16250000000000003,0.2,1.0,0.01,0.002,0.18762043226307518,18.76204322630752,0.014497905969619751,0.0036790762834321344,0.08226664664161536,0.18762043226307518,0.019609145118445602,3.9218290236891205e-05,2097.660202540654,93.81021613153759
20,25,0.16250000000000003,0.2,1.0,0.1,0.002,0.17184200096349242,17.184200096349244,0.013147003948688507,0.003340726381533341,0.07470091283335449,0.17184200096349242,0.01944068599528862,3.8881371990577247e-05,1921.251977719767,85.9210004817462
20,26,0.16250000000000003,0.2,1.0,1.0,0.002,0.04990605447080598,4.990605447080599,0.0033798590302467346,0.0009098478920568206,0.02034481735823942,0.04990605447080599,0.01823121265955943,3.6462425319118863e-05,557.9666514276473,24.953027235402992
21,22,0.18125000000000002,0.18125000000000002,0.01,0.1,0.002,0.014903369251952441,1.490336925195244,0.0012242645025253296,0.00030664565359797655,0.006856805264499285,0.014903369251952441,0.020575592566614016,4.1151185133228036e-05,166.62473370572923,7.45168462597622
21,23,0.18125000000000002,0.18125000000000002,0.01,1.0,0.002,0.12887358906415178,12.887358906415178,0.010075736790895462,0.0025104202161635673,0.056134702554314526,0.12887358906415178,0.01947971057835527,3.8959421156710544e-05,1440.850528259084,64.43679453207588
21,24,0.18125000000000002,0.2,0.01,0.01,0.002,0.03388272576411278,3.3882725764112784,0.0027322396636009216,0.0007144076566422122,0.015974640838983156,0.03388272576411278,0.021084716194789854,4.216943238957971e-05,378.8203903576984,16.94136288205639
21,25,0.18125000000000002,0.2,0.01,0.1,0.002,0.017991817176104218,1.799181717610422,0.0013813376426696777,0.0003763214732412157,0.008414803955602264,0.01799181717610422,0.020916257071632874,4.183251414326575e-05,201.1546312225867,8.995908588052108
21,26,0.18125000000000002,0.2,0.01,1.0,0.002,0.10434064508474614,10.434064508474613,0.008385807275772095,0.0020562185275497737,0.04597844404195819,0.10434064508474615,0.019706783735903684,3.941356747180737e-05,1166.5638761283585,52.170322542373064
22,23,0.18125000000000002,0.18125000000000002,0.1,1.0,0.002,0.11402532870710831,11.40253287071083,0.008851472288370132,0.002203776056924115,0.049277930704687674,0.11402532870710834,0.019327074799186543,3.8654149598373084e-05,1274.8419307292622,57.01266435355416
22,24,0.18125000000000002,0.2,0.1,0.01,0.002,0.04877486256903431,4.877486256903431,0.003956504166126251,0.001020959345555895,0.022829344989266788,0.04877486256903431,0.020932080415621127,4.1864160831242256e-05,545.3195414878536,24.387431284517152
22,25,0.18125000000000002,0.2,0.1,0.1,0.002,0.03287963295481097,3.2879632954810973,0.0026056021451950073,0.0006827002469089189,0.015265641603442332,0.03287963295481097,0.020763621292464146,4.152724258492829e-05,367.605471810998,16.439816477405486
22,26,0.18125000000000002,0.2,0.1,1.0,0.002,0.08947508346773908,8.947508346773908,0.007161542773246765,0.0017496090205693798,0.03912244704039961,0.0894750834677391,0.019554147956734956,3.9108295913469915e-05,1000.3618446316609,44.73754173386954
23,24,0.18125000000000002,0.2,1.0,0.01,0.002,0.1625581028433212,16.255810284332117,0.012807976454496384,0.0032245347839757,0.07210278972782265,0.1625581028433212,0.01983619842736238,3.9672396854724764e-05,1817.4548412553402,81.2790514216606
23,25,0.18125000000000002,0.2,1.0,0.1,0.002,0.14674644168433862,14.674644168433861,0.01145707443356514,0.002886170758867352,0.06453674011499554,0.14674644168433862,0.0196677393042054,3.93354786084108e-05,1640.6750953119495,73.3732208421693
23,26,0.18125000000000002,0.2,1.0,1.0,0.002,0.02464608061694517,2.4646080616945167,0.0016899295151233673,0.0004549239111080802,0.01017240789827739,0.024646080616945173,0.01845826596847621,3.691653193695242e-05,275.55155819214673,12.323040308472583
24,25,0.2,0.2,0.01,0.1,0.002,0.015906156171904,1.5906156171904002,0.001350902020931244,0.00033836760291277717,0.007566129614966255,0.015906156171904,0.021272744920639984,4.254548984127997e-05,177.83623230552587,7.953078085952
24,26,0.2,0.2,0.01,1.0,0.002,0.13806915394194372,13.806915394194373,0.011118046939373016,0.0027701189330360735,0.061941742400278485,0.13806915394194372,0.020063271584910794,4.012654316982159e-05,1543.660069050346,69.03457697097186
25,26,0.2,0.2,0.1,1.0,0.002,0.1222305052384287,12.22305052384287,0.009767144918441772,0.002431752978823956,0.05437564965137972,0.1222305052384287,0.019894812461753814,3.978962492350763e-05,1366.5785931863534,61.115252619214345
